source_id,source_name,release_id,landing_url,download_url,accessed_at,downloaded_at,original_filename,local_path,file_size,sha256,citation,license_or_terms_reference,species,genome_build,assay,endpoint,value_unit,log_transform,upstream_processing,schema_version,acquisition_status,previous_local_path,provenance_note
CCLE,CCLE,,,,,,CCLE_DNA_methylation_TSS1kb.txt,data/raw/CCLE/legacy_unverified/CCLE_DNA_methylation_TSS1kb.txt,149292202,7fa14da9dcfacd2ce7d3b179d12ad82f362abfec41921db2b21c0a181b75b1ba,,,,,,,,,,1.0,local_present_provenance_incomplete,data/raw/cell_line_omics/CCLE_DNA_methylation_TSS1kb.txt,Source release unknown; directory deliberately marked unverified.
CCLE,CCLE,,,,,,Cell_lines_annotations_20181226.txt,data/raw/CCLE/legacy_unverified/Cell_lines_annotations_20181226.txt,335355,77648d1cada2f325ba2c049a5fb5408434f73b963c8e1148fb82ba2653e469e1,,,,,,,,,,1.0,local_present_provenance_incomplete,data/raw/cell_line_omics/Cell_lines_annotations_20181226.txt,Source release unknown; directory deliberately marked unverified.
CellModelPassports,CellModelPassports,20260921,https://cellmodelpassports.sanger.ac.uk/downloads,https://cog.sanger.ac.uk/cmp/download/model_list_20260921.csv,2026-09-23T01:51:39.450725+00:00,2026-09-23T01:51:41.622711+00:00,model_list_20260921.csv,data/raw/CellModelPassports/20260921/model_list_20260921.csv,957555,419f65d1d6534454194f1a744550fab632cd1d7411f6b13411a885735aa37006,,,,,,,,,,1.0,downloaded_verified_container,,Downloaded from recorded endpoint; response headers and container validation recorded.
Cellosaurus,Cellosaurus,56.0,https://www.cellosaurus.org/,,,,cellosaurus.txt,data/raw/Cellosaurus/56.0/cellosaurus.txt,122297334,b225da548b65e8db10597759bc152c78b1b9d23e123494744510d7569cf4ab3b,,,,,,,,,,1.0,local_present_provenance_incomplete,data/raw/entity_mapping/cellosaurus.txt, Release label from local header/filename or source directory; see evidence records.
COSMIC_CMC,COSMIC_CMC,v104_GRCh37,,,,,cmc_export.tsv,data/raw/COSMIC_CMC/v104_GRCh37/cmc_export.tsv,1878773780,da513a850444cb38c79889acbdce7d69a1cff5a3a45cbc70356935f537741c08,,,,,,,,,,1.0,local_present_provenance_incomplete,data/raw/cancer_driver_mutations/cmc_export.tsv, Release label from local header/filename or source directory; see evidence records.
COSMIC_CMC,COSMIC_CMC,v104_GRCh37,,,,,README_CancerMutationCensus_AllData_v104_GRCh37.txt,data/raw/COSMIC_CMC/v104_GRCh37/README_CancerMutationCensus_AllData_v104_GRCh37.txt,5968,a3f998723405d52fa2b573eeb77cb14237f860149227e0ad7a1e09469ee7eeb1,,,,,,,,,,1.0,local_present_provenance_incomplete,data/raw/cancer_driver_mutations/README_CancerMutationCensus_AllData_v104_GRCh37.txt, Release label from local header/filename or source directory; see evidence records.
DepMap,DepMap,26Q1,https://depmap.org/portal/data_page/?tab=allData,,,,26Q1_Mutation_Pipeline_Documentation.pdf,data/raw/DepMap/26Q1/26Q1_Mutation_Pipeline_Documentation.pdf,218876,69f078de77321e41558e7a7b2a740717309e108408aac516c0b8af483e205cb1,,,,,,,,,,1.0,local_present_provenance_incomplete,data/raw/cell_line_omics/26Q1_Mutation_Pipeline_Documentation.pdf, Release label from local header/filename or source directory; see evidence records.
DepMap,DepMap,26Q1,https://depmap.org/portal/data_page/?tab=allData,https://storage.googleapis.com/depmap-external-downloads/downloads-by-canonical-id/public-26q1-5bbf.37/Model.csv,,,Model.csv,data/raw/DepMap/26Q1/Model.csv,697455,ea4e0b2a3bc806f81df62689a5ae75f1a100135727a3d7b8a4c7ccc8815183f8,,,,,,,,,,1.0,local_present_provenance_incomplete,data/raw/cell_line_omics/DepMap_Model_26Q1.csv,26Q1 source path recovered from Windows Zone.Identifier; signed query stripped; not evidence for other matrices.
DepMap,DepMap,26Q1,https://depmap.org/portal/data_page/?tab=allData,https://depmap.org/portal/download/all/ (Cloudflare Turnstile verified browser download; signed GCS URL not recorded),2026-09-23,,ModelCondition.csv,data/raw/DepMap/26Q1/ModelCondition.csv,223524,8060accf252366d165618d80808e4e903ce5142de22fbd400a785ed195c1eb60,,,,,,,,,,1.0,manual_download_provenance_incomplete,,Downloaded from recorded endpoint; response headers and container validation recorded.
DepMap,DepMap,26Q1,https://depmap.org/portal/data_page/?tab=allData,https://depmap.org/portal/download/all/ (Cloudflare Turnstile verified browser download; signed GCS URL not recorded),2026-09-23,,OmicsCNGeneWGS.csv,data/raw/DepMap/26Q1/OmicsCNGeneWGS.csv,409005582,d2fe65b516802fb2b355b953fcc43dcb908840f275e9166c0dbd7defadca8a1d,,,,,,,,,,1.0,manual_download_provenance_incomplete,,Downloaded from recorded endpoint; response headers and container validation recorded.
DepMap,DepMap,26Q1,https://depmap.org/portal/data_page/?tab=allData,https://depmap.org/portal/download/all/ (Cloudflare Turnstile verified browser download; signed GCS URL not recorded),2026-09-23,,OmicsExpressionTPMLogp1HumanProteinCodingGenes.csv,data/raw/DepMap/26Q1/OmicsExpressionTPMLogp1HumanProteinCodingGenes.csv,305007605,0377be80c525fde98cbd2c6e8b06bdf2a4014a9683eb70182c1f8649d711021a,,,,,,,,,,1.0,manual_download_provenance_incomplete,,Downloaded from recorded endpoint; response headers and container validation recorded.
DepMap,DepMap,26Q1,https://depmap.org/portal/data_page/?tab=allData,https://depmap.org/portal/download/all/ (Cloudflare Turnstile verified browser download; signed GCS URL not recorded),2026-09-23,,OmicsProfiles.csv,data/raw/DepMap/26Q1/OmicsProfiles.csv,671558,978f9ff9a11214e9d923619c20d2bc36bf4ca3e30fd46a6d9a424ea0e7c49bd2,,,,,,,,,,1.0,manual_download_provenance_incomplete,,Downloaded from recorded endpoint; response headers and container validation recorded.
DepMap,DepMap,26Q1,https://depmap.org/portal/data_page/?tab=allData,https://depmap.org/portal/download/all/ (Cloudflare Turnstile verified browser download; signed GCS URL not recorded),2026-09-23,,OmicsSomaticMutations.csv,data/raw/DepMap/26Q1/OmicsSomaticMutations.csv,580755338,4d50634373578621bfb9f8ca69b38cfffc3f9b7abcdefd653044a675b856c520,,,,,,,,,,1.0,manual_download_provenance_incomplete,,Downloaded from recorded endpoint; response headers and container validation recorded.
DepMap,DepMap,26Q1,https://depmap.org/portal/data_page/?tab=allData,https://forum.depmap.org/t/announcing-the-26q1-release/4606.json,,,release_notes_4606.json,data/raw/DepMap/26Q1/release_notes_4606.json,31866,56b9276b3d4a7787ae00275fab85a6f615f273c7226411bb367bd02c97222131,,,,,,,,,,1.0,local_present_provenance_incomplete,, Release label from local header/filename or source directory; see evidence records.
DGIdb,DGIdb,,https://dgidb.org/downloads,,,,categories.tsv,data/raw/DGIdb/unverified/categories.tsv,1557934,946c513cd3ed9c94e36b24681d42e1e598aa7edfac8d3461ffa283504657f3db,,,,,,,,,,1.0,local_present_provenance_incomplete,data/raw/drug_gene_interaction/categories.tsv,Source release unknown; directory deliberately marked unverified.
DGIdb,DGIdb,,https://dgidb.org/downloads,,,,drugs.tsv,data/raw/DGIdb/unverified/drugs.tsv,8029920,f939ee92621125dbfca8bdae23d2086605405b8274190fc69e39104c614142d2,,,,,,,,,,1.0,local_present_provenance_incomplete,data/raw/drug_gene_interaction/drugs.tsv,Source release unknown; directory deliberately marked unverified.
DGIdb,DGIdb,,https://dgidb.org/downloads,,,,genes.tsv,data/raw/DGIdb/unverified/genes.tsv,4356295,f090a58280b7f410e9e68b75bb6ea0c00c439c2ed10182eb58a46b6e2583825d,,,,,,,,,,1.0,local_present_provenance_incomplete,data/raw/drug_gene_interaction/genes.tsv,Source release unknown; directory deliberately marked unverified.
DGIdb,DGIdb,,https://dgidb.org/downloads,,,,interactions.tsv,data/raw/DGIdb/unverified/interactions.tsv,12178745,08af778126a4f22a10fddb7fe06745df07f068ce76c016fe22c59c524ef3de9c,,,,,,,,,,1.0,local_present_provenance_incomplete,data/raw/drug_gene_interaction/interactions.tsv,Source release unknown; directory deliberately marked unverified.
GDSC,GDSC,release8.5,https://cellmodelpassports.sanger.ac.uk/downloads,,,,GDSC2_fitted_dose_response_27Oct23.xlsx,data/raw/GDSC/release8.5/GDSC2_fitted_dose_response_27Oct23.xlsx,22112537,0e99120a14a003dcbd3c27c020f1cfd35e38ee091067a2406f66c0d4dbc1c899,,,,,,,,,Byte-preserving copy from read-only legacy repository.,1.0,local_present_provenance_incomplete,<legacy_repo>/data/raw/drug_sensitivity/GDSC2_fitted_dose_response_27Oct23.xlsx, Release label from local header/filename or source directory; see evidence records.
GDSC,GDSC,8.5,https://cellmodelpassports.sanger.ac.uk/downloads,https://cmp.cog.sanger.ac.uk/download/GDSC2_public_raw_data_27Oct23.zip,2026-09-23T01:51:39.019062+00:00,2026-09-23T01:51:54.343932+00:00,GDSC2_public_raw_data_27Oct23.zip,data/raw/GDSC/release8.5/GDSC2_public_raw_data_27Oct23.zip,122866072,45dca6c707dcb8b80e73764adc91aeabe9c620af4a3f1f87648c80c35cd74d1b,,,,,,,,,,1.0,downloaded_verified_container,,Downloaded from recorded endpoint; response headers and container validation recorded.
GDSC,GDSC,release8.5,https://cellmodelpassports.sanger.ac.uk/downloads,https://cog.sanger.ac.uk/cancerrxgene/GDSC_release8.5/GDSC_Fitted_Data_Description.pdf,,,GDSC_Fitted_Data_Description.pdf,data/raw/GDSC/release8.5/GDSC_Fitted_Data_Description.pdf,79968,734854184e903c0f7ba59f5127bb037ab352bb486da34262e967c66fece1c34f,,,,,,,,,,1.0,downloaded_pdf_signature_checked,, Release label from local header/filename or source directory; see evidence records.
GDSC,GDSC,release8.5,https://cellmodelpassports.sanger.ac.uk/downloads,,,,GDSC_Raw_Data_Description.pdf,data/raw/GDSC/release8.5/GDSC_Raw_Data_Description.pdf,198066,9ac8696eca9d51b737bd98337b86abac5c541c432fcd1a9ce84b8f56ae29b68e,,,,,,,,,Extracted unchanged from GDSC2_public_raw_data_27Oct23.zip.,1.0,local_present_provenance_incomplete,, Release label from local header/filename or source directory; see evidence records.
GDSC,GDSC,8.5,https://cellmodelpassports.sanger.ac.uk/downloads,https://cog.sanger.ac.uk/cancerrxgene/GDSC_release8.5/screened_compounds_rel_8.5.csv,2026-09-23T01:49:05.601753+00:00,2026-09-23T01:49:06.818391+00:00,screened_compounds_rel_8.5.csv,data/raw/GDSC/release8.5/screened_compounds_rel_8.5.csv,46414,d3cbb8b595980b36bf92d54af1da1dd995d2e2ce624c7cc70aacf2a754dce782,,,,,,,,,,1.0,downloaded_verified_container,,Downloaded from recorded endpoint; response headers and container validation recorded.
GDSC,GDSC,8.5_annotation_20260917,https://cellmodelpassports.sanger.ac.uk/downloads,https://cog.sanger.ac.uk/cmp/download/screened_compounds_rel_8.5_inchi.csv,2026-09-23T01:51:38.525308+00:00,2026-09-23T01:51:39.663027+00:00,screened_compounds_rel_8.5_inchi.csv,data/raw/GDSC/release8.5/screened_compounds_rel_8.5_inchi.csv,60969,16fb779bf55a0171ef388d1764d074db28c12e3e28ddc74516816dfd2568061d,,,,,,,,,,1.0,downloaded_verified_container,,Downloaded from recorded endpoint; response headers and container validation recorded.
HGNC,HGNC,,https://www.genenames.org/download/statistics-and-files/,,,,Gene.csv,data/raw/HGNC/unverified/Gene.csv,17440425,0f668e0fb4356a82b791a4a4f037b223b266a589177f7b1c173cc241e33422ea,,,,,,,,,,1.0,local_present_provenance_incomplete,data/raw/cell_line_omics/Gene.csv,Source release unknown; directory deliberately marked unverified.
legacy_structure_seed,legacy_structure_seed,,,,,,compound_cid_smiles.csv,data/raw/legacy_structure_seed/unverified/compound_cid_smiles.csv,18551,c779de156a86870408777ab0925bfa22366cadab2aeaa0c43d6f04eae6c99b7f,,,,,,,,,,1.0,local_present_provenance_incomplete,data/raw/drug_structures/compound_cid_smiles.csv,Source release unknown; directory deliberately marked unverified.
legacy_structure_seed,legacy_structure_seed,,,,,,gdsc_to_cid.csv,data/raw/legacy_structure_seed/unverified/gdsc_to_cid.csv,5680,2d16ab7e21a142f5b46e614e9a7151409f09d67dca51c1427bc5307baecb6e04,,,,,,,,,,1.0,local_present_provenance_incomplete,,Source release unknown; directory deliberately marked unverified.
MSigDB,MSigDB,2026.1.Hs,https://www.gsea-msigdb.org/gsea/msigdb/human/collections.jsp,,,,Human_AFFY_HG_U133_MSigDB.v2026.1.Hs.chip,data/raw/MSigDB/2026.1.Hs/msigdb_v2026.1.Hs_chip_files_to_download_locally/Human_AFFY_HG_U133_MSigDB.v2026.1.Hs.chip,3574819,480fd2271e2447ac9ce57079528c487eb8e73eb83c7095bd3e2d408d92d84e93,,,,,,,,,,1.0,local_present_provenance_incomplete,data/raw/pathway/msigdb_v2026.1.Hs_chip_files_to_download_locally/Human_AFFY_HG_U133_MSigDB.v2026.1.Hs.chip, Release label from local header/filename or source directory; see evidence records.
MSigDB,MSigDB,2026.1.Hs,https://www.gsea-msigdb.org/gsea/msigdb/human/collections.jsp,,,,Human_AFFY_HG_U95_MSigDB.v2026.1.Hs.chip,data/raw/MSigDB/2026.1.Hs/msigdb_v2026.1.Hs_chip_files_to_download_locally/Human_AFFY_HG_U95_MSigDB.v2026.1.Hs.chip,3482713,82ca1a0df7a293250288c133158e4128dd85f0af41c3208e24371c3e57845a93,,,,,,,,,,1.0,local_present_provenance_incomplete,data/raw/pathway/msigdb_v2026.1.Hs_chip_files_to_download_locally/Human_AFFY_HG_U95_MSigDB.v2026.1.Hs.chip, Release label from local header/filename or source directory; see evidence records.
MSigDB,MSigDB,2026.1.Hs,https://www.gsea-msigdb.org/gsea/msigdb/human/collections.jsp,,,,Human_AFFY_HuGene_MSigDB.v2026.1.Hs.chip,data/raw/MSigDB/2026.1.Hs/msigdb_v2026.1.Hs_chip_files_to_download_locally/Human_AFFY_HuGene_MSigDB.v2026.1.Hs.chip,5817985,ebd398779712997d5467911f30b3cc092c82cf0d58b34825d0b581d3f6a94689,,,,,,,,,,1.0,local_present_provenance_incomplete,data/raw/pathway/msigdb_v2026.1.Hs_chip_files_to_download_locally/Human_AFFY_HuGene_MSigDB.v2026.1.Hs.chip, Release label from local header/filename or source directory; see evidence records.
MSigDB,MSigDB,2026.1.Hs,https://www.gsea-msigdb.org/gsea/msigdb/human/collections.jsp,,,,Human_AFFY_MISC_Array_MSigDB.v2026.1.Hs.chip,data/raw/MSigDB/2026.1.Hs/msigdb_v2026.1.Hs_chip_files_to_download_locally/Human_AFFY_MISC_Array_MSigDB.v2026.1.Hs.chip,13673621,e7e7a74b4cc2e5de032d4e6f5442d404f33af38d4b3e3240ae723751f192b1b6,,,,,,,,,,1.0,local_present_provenance_incomplete,data/raw/pathway/msigdb_v2026.1.Hs_chip_files_to_download_locally/Human_AFFY_MISC_Array_MSigDB.v2026.1.Hs.chip, Release label from local header/filename or source directory; see evidence records.
MSigDB,MSigDB,2026.1.Hs,https://www.gsea-msigdb.org/gsea/msigdb/human/collections.jsp,,,,Human_AGILENT_Array_MSigDB.v2026.1.Hs.chip,data/raw/MSigDB/2026.1.Hs/msigdb_v2026.1.Hs_chip_files_to_download_locally/Human_AGILENT_Array_MSigDB.v2026.1.Hs.chip,5728098,29a6528f2e92e145c8db255bb59af6779b0fc3a6cc522f9b33e6e4351390149f,,,,,,,,,,1.0,local_present_provenance_incomplete,data/raw/pathway/msigdb_v2026.1.Hs_chip_files_to_download_locally/Human_AGILENT_Array_MSigDB.v2026.1.Hs.chip, Release label from local header/filename or source directory; see evidence records.
MSigDB,MSigDB,2026.1.Hs,https://www.gsea-msigdb.org/gsea/msigdb/human/collections.jsp,,,,Human_Codelink_Codelink_MSigDB.v2026.1.Hs.chip,data/raw/MSigDB/2026.1.Hs/msigdb_v2026.1.Hs_chip_files_to_download_locally/Human_Codelink_Codelink_MSigDB.v2026.1.Hs.chip,2365248,318edf55c418d53b929aacac52e493a76482f6f0c0db0096e74119e0d6a70ce9,,,,,,,,,,1.0,local_present_provenance_incomplete,data/raw/pathway/msigdb_v2026.1.Hs_chip_files_to_download_locally/Human_Codelink_Codelink_MSigDB.v2026.1.Hs.chip, Release label from local header/filename or source directory; see evidence records.
MSigDB,MSigDB,2026.1.Hs,https://www.gsea-msigdb.org/gsea/msigdb/human/collections.jsp,,,,Human_Ensembl_Gene_ID_MSigDB.v2026.1.Hs.chip,data/raw/MSigDB/2026.1.Hs/msigdb_v2026.1.Hs_chip_files_to_download_locally/Human_Ensembl_Gene_ID_MSigDB.v2026.1.Hs.chip,4628437,b4cfa37ba9cf79f5acf973da0656347a72fccee28abdbfa4f5bd6a542a8d2fc1,,,,,,,,,,1.0,local_present_provenance_incomplete,data/raw/pathway/msigdb_v2026.1.Hs_chip_files_to_download_locally/Human_Ensembl_Gene_ID_MSigDB.v2026.1.Hs.chip, Release label from local header/filename or source directory; see evidence records.
MSigDB,MSigDB,2026.1.Hs,https://www.gsea-msigdb.org/gsea/msigdb/human/collections.jsp,,,,Human_Ensembl_Transcript_ID_MSigDB.v2026.1.Hs.chip,data/raw/MSigDB/2026.1.Hs/msigdb_v2026.1.Hs_chip_files_to_download_locally/Human_Ensembl_Transcript_ID_MSigDB.v2026.1.Hs.chip,39736988,f81a34572c49ce51d2ceeaba68f583673cb1ba704f507b4e4ff0c2ed366d8599,,,,,,,,,,1.0,local_present_provenance_incomplete,data/raw/pathway/msigdb_v2026.1.Hs_chip_files_to_download_locally/Human_Ensembl_Transcript_ID_MSigDB.v2026.1.Hs.chip, Release label from local header/filename or source directory; see evidence records.
MSigDB,MSigDB,2026.1.Hs,https://www.gsea-msigdb.org/gsea/msigdb/human/collections.jsp,,,,Human_Gene_Symbol_with_Remapping_MSigDB.v2026.1.Hs.chip,data/raw/MSigDB/2026.1.Hs/msigdb_v2026.1.Hs_chip_files_to_download_locally/Human_Gene_Symbol_with_Remapping_MSigDB.v2026.1.Hs.chip,13966576,489c1541a2c06efd56133503604623d55e6766050c9e6cc74eb94eacbd30b2a6,,,,,,,,,,1.0,local_present_provenance_incomplete,data/raw/pathway/msigdb_v2026.1.Hs_chip_files_to_download_locally/Human_Gene_Symbol_with_Remapping_MSigDB.v2026.1.Hs.chip, Release label from local header/filename or source directory; see evidence records.
MSigDB,MSigDB,2026.1.Hs,https://www.gsea-msigdb.org/gsea/msigdb/human/collections.jsp,,,,Human_HGNC_ID_MSigDB.v2026.1.Hs.chip,data/raw/MSigDB/2026.1.Hs/msigdb_v2026.1.Hs_chip_files_to_download_locally/Human_HGNC_ID_MSigDB.v2026.1.Hs.chip,3651380,ec1bd23b6f443f1c3df3cf901ebbe63cc0cd72b709b00cf365132fbb8b4a6fd4,,,,,,,,,,1.0,local_present_provenance_incomplete,data/raw/pathway/msigdb_v2026.1.Hs_chip_files_to_download_locally/Human_HGNC_ID_MSigDB.v2026.1.Hs.chip, Release label from local header/filename or source directory; see evidence records.
MSigDB,MSigDB,2026.1.Hs,https://www.gsea-msigdb.org/gsea/msigdb/human/collections.jsp,,,,Human_ILLUMINA_Array_MSigDB.v2026.1.Hs.chip,data/raw/MSigDB/2026.1.Hs/msigdb_v2026.1.Hs_chip_files_to_download_locally/Human_ILLUMINA_Array_MSigDB.v2026.1.Hs.chip,2938062,a2604000bdfb3a702b6b5e12867d489827f70b6333d5cb54af0c9f2c66ce4205,,,,,,,,,,1.0,local_present_provenance_incomplete,data/raw/pathway/msigdb_v2026.1.Hs_chip_files_to_download_locally/Human_ILLUMINA_Array_MSigDB.v2026.1.Hs.chip, Release label from local header/filename or source directory; see evidence records.
MSigDB,MSigDB,2026.1.Hs,https://www.gsea-msigdb.org/gsea/msigdb/human/collections.jsp,,,,Human_Image_Clone_MSigDB.v2026.1.Hs.chip,data/raw/MSigDB/2026.1.Hs/msigdb_v2026.1.Hs_chip_files_to_download_locally/Human_Image_Clone_MSigDB.v2026.1.Hs.chip,195686419,ae00b55dd1e1539c4193d4f4b17dd268564fc936ab3f1a8ba96ba5840680da9f,,,,,,,,,,1.0,local_present_provenance_incomplete,data/raw/pathway/msigdb_v2026.1.Hs_chip_files_to_download_locally/Human_Image_Clone_MSigDB.v2026.1.Hs.chip, Release label from local header/filename or source directory; see evidence records.
MSigDB,MSigDB,2026.1.Hs,https://www.gsea-msigdb.org/gsea/msigdb/human/collections.jsp,,,,Human_NCBI_Gene_ID_MSigDB.v2026.1.Hs.chip,data/raw/MSigDB/2026.1.Hs/msigdb_v2026.1.Hs_chip_files_to_download_locally/Human_NCBI_Gene_ID_MSigDB.v2026.1.Hs.chip,5469273,fb62630e8b907c3c72ed167c235029abcce2b36ecc52628d777c43ba9aadee82,,,,,,,,,,1.0,local_present_provenance_incomplete,data/raw/pathway/msigdb_v2026.1.Hs_chip_files_to_download_locally/Human_NCBI_Gene_ID_MSigDB.v2026.1.Hs.chip, Release label from local header/filename or source directory; see evidence records.
MSigDB,MSigDB,2026.1.Hs,https://www.gsea-msigdb.org/gsea/msigdb/human/collections.jsp,,,,Human_Phalanx_OneArray_MSigDB.v2026.1.Hs.chip,data/raw/MSigDB/2026.1.Hs/msigdb_v2026.1.Hs_chip_files_to_download_locally/Human_Phalanx_OneArray_MSigDB.v2026.1.Hs.chip,2129415,666ed484bc6e929910e2515a890bce918b50bdc903c00ed790cd881cd1ed867a,,,,,,,,,,1.0,local_present_provenance_incomplete,data/raw/pathway/msigdb_v2026.1.Hs_chip_files_to_download_locally/Human_Phalanx_OneArray_MSigDB.v2026.1.Hs.chip, Release label from local header/filename or source directory; see evidence records.
MSigDB,MSigDB,2026.1.Hs,https://www.gsea-msigdb.org/gsea/msigdb/human/collections.jsp,,,,Human_RefSeq_Accession_Extended_MSigDB.v2026.1.Hs.chip,data/raw/MSigDB/2026.1.Hs/msigdb_v2026.1.Hs_chip_files_to_download_locally/Human_RefSeq_Accession_Extended_MSigDB.v2026.1.Hs.chip,40443818,d3ce6ee32f494ebf83e5de929370c6db8c6c45b33a8ffc8244036a747eecb8b0,,,,,,,,,,1.0,local_present_provenance_incomplete,data/raw/pathway/msigdb_v2026.1.Hs_chip_files_to_download_locally/Human_RefSeq_Accession_Extended_MSigDB.v2026.1.Hs.chip, Release label from local header/filename or source directory; see evidence records.
MSigDB,MSigDB,2026.1.Hs,https://www.gsea-msigdb.org/gsea/msigdb/human/collections.jsp,,,,Human_RefSeq_Accession_MSigDB.v2026.1.Hs.chip,data/raw/MSigDB/2026.1.Hs/msigdb_v2026.1.Hs_chip_files_to_download_locally/Human_RefSeq_Accession_MSigDB.v2026.1.Hs.chip,29271590,f828f31b50d37e7d657ed3f83f5f05962764de0ff9168224de91db81fac3b1fc,,,,,,,,,,1.0,local_present_provenance_incomplete,data/raw/pathway/msigdb_v2026.1.Hs_chip_files_to_download_locally/Human_RefSeq_Accession_MSigDB.v2026.1.Hs.chip, Release label from local header/filename or source directory; see evidence records.
MSigDB,MSigDB,2026.1.Hs,https://www.gsea-msigdb.org/gsea/msigdb/human/collections.jsp,,,,Human_Seq_Accession_MSigDB.v2026.1.Hs.chip,data/raw/MSigDB/2026.1.Hs/msigdb_v2026.1.Hs_chip_files_to_download_locally/Human_Seq_Accession_MSigDB.v2026.1.Hs.chip,597067739,52866ea3d0f800c241ae851a44488a8270f11ee2d296158b13f42894f727e70d,,,,,,,,,,1.0,local_present_provenance_incomplete,data/raw/pathway/msigdb_v2026.1.Hs_chip_files_to_download_locally/Human_Seq_Accession_MSigDB.v2026.1.Hs.chip, Release label from local header/filename or source directory; see evidence records.
MSigDB,MSigDB,2026.1.Hs,https://www.gsea-msigdb.org/gsea/msigdb/human/collections.jsp,,,,Human_UniProt_IDs_MSigDB.v2026.1.Hs.chip,data/raw/MSigDB/2026.1.Hs/msigdb_v2026.1.Hs_chip_files_to_download_locally/Human_UniProt_IDs_MSigDB.v2026.1.Hs.chip,8707146,5f754fa432537a5d9f6eaf10257c262830ad2746919ad33d3b787e694af635c8,,,,,,,,,,1.0,local_present_provenance_incomplete,data/raw/pathway/msigdb_v2026.1.Hs_chip_files_to_download_locally/Human_UniProt_IDs_MSigDB.v2026.1.Hs.chip, Release label from local header/filename or source directory; see evidence records.
MSigDB,MSigDB,2026.1.Hs,https://www.gsea-msigdb.org/gsea/msigdb/human/collections.jsp,,,,Macaque_Ensembl_Gene_ID_Human_Orthologs_MSigDB.v2026.1.Hs.chip,data/raw/MSigDB/2026.1.Hs/msigdb_v2026.1.Hs_chip_files_to_download_locally/Macaque_Ensembl_Gene_ID_Human_Orthologs_MSigDB.v2026.1.Hs.chip,1585638,23781870bf2cb93ef90ee2ca105c8009d9f5501ed52ef8bfc9e6962e4cf17b15,,,,,,,,,,1.0,local_present_provenance_incomplete,data/raw/pathway/msigdb_v2026.1.Hs_chip_files_to_download_locally/Macaque_Ensembl_Gene_ID_Human_Orthologs_MSigDB.v2026.1.Hs.chip, Release label from local header/filename or source directory; see evidence records.
MSigDB,MSigDB,2026.1.Hs,https://www.gsea-msigdb.org/gsea/msigdb/human/collections.jsp,,,,Mouse_AFFY_MG_U74_Human_Orthologs_MSigDB.v2026.1.Hs.chip,data/raw/MSigDB/2026.1.Hs/msigdb_v2026.1.Hs_chip_files_to_download_locally/Mouse_AFFY_MG_U74_Human_Orthologs_MSigDB.v2026.1.Hs.chip,1945811,c0371353fc267fe8ada8edc122aafb5a72f1e1825e8ba7da37c08b062a58eb88,,,,,,,,,,1.0,local_present_provenance_incomplete,data/raw/pathway/msigdb_v2026.1.Hs_chip_files_to_download_locally/Mouse_AFFY_MG_U74_Human_Orthologs_MSigDB.v2026.1.Hs.chip, Release label from local header/filename or source directory; see evidence records.
MSigDB,MSigDB,2026.1.Hs,https://www.gsea-msigdb.org/gsea/msigdb/human/collections.jsp,,,,Mouse_AFFY_MoGene_Human_Orthologs_MSigDB.v2026.1.Hs.chip,data/raw/MSigDB/2026.1.Hs/msigdb_v2026.1.Hs_chip_files_to_download_locally/Mouse_AFFY_MoGene_Human_Orthologs_MSigDB.v2026.1.Hs.chip,3857058,17e4f64af1313616b1c4aa0495afba86040ab876f45b5f2863b2bb98fda2d537,,,,,,,,,,1.0,local_present_provenance_incomplete,data/raw/pathway/msigdb_v2026.1.Hs_chip_files_to_download_locally/Mouse_AFFY_MoGene_Human_Orthologs_MSigDB.v2026.1.Hs.chip, Release label from local header/filename or source directory; see evidence records.
MSigDB,MSigDB,2026.1.Hs,https://www.gsea-msigdb.org/gsea/msigdb/human/collections.jsp,,,,Mouse_AFFY_Mouse430_Human_Orthologs_MSigDB.v2026.1.Hs.chip,data/raw/MSigDB/2026.1.Hs/msigdb_v2026.1.Hs_chip_files_to_download_locally/Mouse_AFFY_Mouse430_Human_Orthologs_MSigDB.v2026.1.Hs.chip,2743832,05f97c45fd8da76aaa076df06ca91d7146996bfbf9a15431d4320fba0ba4f97d,,,,,,,,,,1.0,local_present_provenance_incomplete,data/raw/pathway/msigdb_v2026.1.Hs_chip_files_to_download_locally/Mouse_AFFY_Mouse430_Human_Orthologs_MSigDB.v2026.1.Hs.chip, Release label from local header/filename or source directory; see evidence records.
MSigDB,MSigDB,2026.1.Hs,https://www.gsea-msigdb.org/gsea/msigdb/human/collections.jsp,,,,Mouse_AFFY_Mu11K_Human_Orthologs_MSigDB.v2026.1.Hs.chip,data/raw/MSigDB/2026.1.Hs/msigdb_v2026.1.Hs_chip_files_to_download_locally/Mouse_AFFY_Mu11K_Human_Orthologs_MSigDB.v2026.1.Hs.chip,784535,ed1f8a540f501d00f91c01e745f4cd6a99aff4460c668789f4d7313c4325065e,,,,,,,,,,1.0,local_present_provenance_incomplete,data/raw/pathway/msigdb_v2026.1.Hs_chip_files_to_download_locally/Mouse_AFFY_Mu11K_Human_Orthologs_MSigDB.v2026.1.Hs.chip, Release label from local header/filename or source directory; see evidence records.
MSigDB,MSigDB,2026.1.Hs,https://www.gsea-msigdb.org/gsea/msigdb/human/collections.jsp,,,,Mouse_AGILENT_Array_Human_Orthologs_MSigDB.v2026.1.Hs.chip,data/raw/MSigDB/2026.1.Hs/msigdb_v2026.1.Hs_chip_files_to_download_locally/Mouse_AGILENT_Array_Human_Orthologs_MSigDB.v2026.1.Hs.chip,4085809,ffc2b1eaba0fd1e8b1efb0c66809a80a2bdf8afdaedf8b70e64a9b26f65c4c51,,,,,,,,,,1.0,local_present_provenance_incomplete,data/raw/pathway/msigdb_v2026.1.Hs_chip_files_to_download_locally/Mouse_AGILENT_Array_Human_Orthologs_MSigDB.v2026.1.Hs.chip, Release label from local header/filename or source directory; see evidence records.
MSigDB,MSigDB,2026.1.Hs,https://www.gsea-msigdb.org/gsea/msigdb/human/collections.jsp,,,,Mouse_Codelink_Codelink_Human_Orthologs_MSigDB.v2026.1.Hs.chip,data/raw/MSigDB/2026.1.Hs/msigdb_v2026.1.Hs_chip_files_to_download_locally/Mouse_Codelink_Codelink_Human_Orthologs_MSigDB.v2026.1.Hs.chip,1667169,ca85acc304ec612de9e2b15989a69f423c1d7c85aba5ff93951ab45fdcd684b4,,,,,,,,,,1.0,local_present_provenance_incomplete,data/raw/pathway/msigdb_v2026.1.Hs_chip_files_to_download_locally/Mouse_Codelink_Codelink_Human_Orthologs_MSigDB.v2026.1.Hs.chip, Release label from local header/filename or source directory; see evidence records.
MSigDB,MSigDB,2026.1.Hs,https://www.gsea-msigdb.org/gsea/msigdb/human/collections.jsp,,,,Mouse_Ensembl_Gene_ID_Human_Orthologs_MSigDB.v2026.1.Hs.chip,data/raw/MSigDB/2026.1.Hs/msigdb_v2026.1.Hs_chip_files_to_download_locally/Mouse_Ensembl_Gene_ID_Human_Orthologs_MSigDB.v2026.1.Hs.chip,1900681,f6eab58d04dc36285574a5fe46bac7f3a6afb78b169052b62ab4a4aedff4de43,,,,,,,,,,1.0,local_present_provenance_incomplete,data/raw/pathway/msigdb_v2026.1.Hs_chip_files_to_download_locally/Mouse_Ensembl_Gene_ID_Human_Orthologs_MSigDB.v2026.1.Hs.chip, Release label from local header/filename or source directory; see evidence records.
MSigDB,MSigDB,2026.1.Hs,https://www.gsea-msigdb.org/gsea/msigdb/human/collections.jsp,,,,Mouse_Ensembl_Transcript_ID_Human_Orthologs_MSigDB.v2026.1.Hs.chip,data/raw/MSigDB/2026.1.Hs/msigdb_v2026.1.Hs_chip_files_to_download_locally/Mouse_Ensembl_Transcript_ID_Human_Orthologs_MSigDB.v2026.1.Hs.chip,9579287,368289de630ad9bedabbea222b7d2da6391e73b01eb2ff52bba178f0cba34424,,,,,,,,,,1.0,local_present_provenance_incomplete,data/raw/pathway/msigdb_v2026.1.Hs_chip_files_to_download_locally/Mouse_Ensembl_Transcript_ID_Human_Orthologs_MSigDB.v2026.1.Hs.chip, Release label from local header/filename or source directory; see evidence records.
MSigDB,MSigDB,2026.1.Hs,https://www.gsea-msigdb.org/gsea/msigdb/human/collections.jsp,,,,Mouse_Gene_Symbol_Remapping_Human_Orthologs_MSigDB.v2026.1.Hs.chip,data/raw/MSigDB/2026.1.Hs/msigdb_v2026.1.Hs_chip_files_to_download_locally/Mouse_Gene_Symbol_Remapping_Human_Orthologs_MSigDB.v2026.1.Hs.chip,8855712,725e3f00b559531f5ce1dfda582059749d57f4d2c1f50ded39da3f22ac031b5e,,,,,,,,,,1.0,local_present_provenance_incomplete,data/raw/pathway/msigdb_v2026.1.Hs_chip_files_to_download_locally/Mouse_Gene_Symbol_Remapping_Human_Orthologs_MSigDB.v2026.1.Hs.chip, Release label from local header/filename or source directory; see evidence records.
MSigDB,MSigDB,2026.1.Hs,https://www.gsea-msigdb.org/gsea/msigdb/human/collections.jsp,,,,Mouse_ILLUMINA_Array_Human_Orthologs_MSigDB.v2026.1.Hs.chip,data/raw/MSigDB/2026.1.Hs/msigdb_v2026.1.Hs_chip_files_to_download_locally/Mouse_ILLUMINA_Array_Human_Orthologs_MSigDB.v2026.1.Hs.chip,3808493,099c93c3bcd9e06f047a671f3d20240059b7dc6ebf4ef5d039dd423e41a72ebc,,,,,,,,,,1.0,local_present_provenance_incomplete,data/raw/pathway/msigdb_v2026.1.Hs_chip_files_to_download_locally/Mouse_ILLUMINA_Array_Human_Orthologs_MSigDB.v2026.1.Hs.chip, Release label from local header/filename or source directory; see evidence records.
MSigDB,MSigDB,2026.1.Hs,https://www.gsea-msigdb.org/gsea/msigdb/human/collections.jsp,,,,Mouse_Image_Clone_Human_Orthologs_MSigDB.v2026.1.Hs.chip,data/raw/MSigDB/2026.1.Hs/msigdb_v2026.1.Hs_chip_files_to_download_locally/Mouse_Image_Clone_Human_Orthologs_MSigDB.v2026.1.Hs.chip,88339991,eb0196af461859f88e2f91a7758dcab89c6aa5b58688c1d03e661bbb15e481c5,,,,,,,,,,1.0,local_present_provenance_incomplete,data/raw/pathway/msigdb_v2026.1.Hs_chip_files_to_download_locally/Mouse_Image_Clone_Human_Orthologs_MSigDB.v2026.1.Hs.chip, Release label from local header/filename or source directory; see evidence records.
MSigDB,MSigDB,2026.1.Hs,https://www.gsea-msigdb.org/gsea/msigdb/human/collections.jsp,,,,Mouse_MGI_ID_Human_Orthologs_MSigDB.v2026.1.Hs.chip,data/raw/MSigDB/2026.1.Hs/msigdb_v2026.1.Hs_chip_files_to_download_locally/Mouse_MGI_ID_Human_Orthologs_MSigDB.v2026.1.Hs.chip,1750560,5b60d795452c666ebb9029132066a4ea011db6833281265051cdb7a306d8158c,,,,,,,,,,1.0,local_present_provenance_incomplete,data/raw/pathway/msigdb_v2026.1.Hs_chip_files_to_download_locally/Mouse_MGI_ID_Human_Orthologs_MSigDB.v2026.1.Hs.chip, Release label from local header/filename or source directory; see evidence records.
MSigDB,MSigDB,2026.1.Hs,https://www.gsea-msigdb.org/gsea/msigdb/human/collections.jsp,,,,Mouse_NCBI_Gene_ID_Human_Orthologs_MSigDB.v2026.1.Hs.chip,data/raw/MSigDB/2026.1.Hs/msigdb_v2026.1.Hs_chip_files_to_download_locally/Mouse_NCBI_Gene_ID_Human_Orthologs_MSigDB.v2026.1.Hs.chip,3558784,4128582fe92be804ae69e494aa08aa600c062089cf6b29950ac29e384d55cfca,,,,,,,,,,1.0,local_present_provenance_incomplete,data/raw/pathway/msigdb_v2026.1.Hs_chip_files_to_download_locally/Mouse_NCBI_Gene_ID_Human_Orthologs_MSigDB.v2026.1.Hs.chip, Release label from local header/filename or source directory; see evidence records.
MSigDB,MSigDB,2026.1.Hs,https://www.gsea-msigdb.org/gsea/msigdb/human/collections.jsp,,,,Mouse_Operon_V1_1_Human_Orthologs_MSigDB.v2026.1.Hs.chip,data/raw/MSigDB/2026.1.Hs/msigdb_v2026.1.Hs_chip_files_to_download_locally/Mouse_Operon_V1_1_Human_Orthologs_MSigDB.v2026.1.Hs.chip,419497,eaee60e2a5ae9467d6fb35bdee2349cda9d9dc0f78226e9a77796bf9011070c0,,,,,,,,,,1.0,local_present_provenance_incomplete,data/raw/pathway/msigdb_v2026.1.Hs_chip_files_to_download_locally/Mouse_Operon_V1_1_Human_Orthologs_MSigDB.v2026.1.Hs.chip, Release label from local header/filename or source directory; see evidence records.
MSigDB,MSigDB,2026.1.Hs,https://www.gsea-msigdb.org/gsea/msigdb/human/collections.jsp,,,,Mouse_Phalanx_OneArray_Human_Orthologs_MSigDB.v2026.1.Hs.chip,data/raw/MSigDB/2026.1.Hs/msigdb_v2026.1.Hs_chip_files_to_download_locally/Mouse_Phalanx_OneArray_Human_Orthologs_MSigDB.v2026.1.Hs.chip,1921130,043300488d247de6441391e9a1434ae3ac37ad62ed39e228810d1b35e2bdd917,,,,,,,,,,1.0,local_present_provenance_incomplete,data/raw/pathway/msigdb_v2026.1.Hs_chip_files_to_download_locally/Mouse_Phalanx_OneArray_Human_Orthologs_MSigDB.v2026.1.Hs.chip, Release label from local header/filename or source directory; see evidence records.
MSigDB,MSigDB,2026.1.Hs,https://www.gsea-msigdb.org/gsea/msigdb/human/collections.jsp,,,,Mouse_RefSeq_Accession_Extended_Human_Orthologs_MSigDB.v2026.1.Hs.chip,data/raw/MSigDB/2026.1.Hs/msigdb_v2026.1.Hs_chip_files_to_download_locally/Mouse_RefSeq_Accession_Extended_Human_Orthologs_MSigDB.v2026.1.Hs.chip,17471342,326a551e8649ac7c046dd2e383f1bf309591a45e0d5b0250804fcec84bfdf262,,,,,,,,,,1.0,local_present_provenance_incomplete,data/raw/pathway/msigdb_v2026.1.Hs_chip_files_to_download_locally/Mouse_RefSeq_Accession_Extended_Human_Orthologs_MSigDB.v2026.1.Hs.chip, Release label from local header/filename or source directory; see evidence records.
MSigDB,MSigDB,2026.1.Hs,https://www.gsea-msigdb.org/gsea/msigdb/human/collections.jsp,,,,Mouse_RefSeq_Accession_Human_Orthologs_MSigDB.v2026.1.Hs.chip,data/raw/MSigDB/2026.1.Hs/msigdb_v2026.1.Hs_chip_files_to_download_locally/Mouse_RefSeq_Accession_Human_Orthologs_MSigDB.v2026.1.Hs.chip,16497987,065c39160a95a03df858e84b1180e006ec7b945e744614d1182aa3c27b23edd3,,,,,,,,,,1.0,local_present_provenance_incomplete,data/raw/pathway/msigdb_v2026.1.Hs_chip_files_to_download_locally/Mouse_RefSeq_Accession_Human_Orthologs_MSigDB.v2026.1.Hs.chip, Release label from local header/filename or source directory; see evidence records.
MSigDB,MSigDB,2026.1.Hs,https://www.gsea-msigdb.org/gsea/msigdb/human/collections.jsp,,,,Mouse_Seq_Accession_Human_Orthologs_MSigDB.v2026.1.Hs.chip,data/raw/MSigDB/2026.1.Hs/msigdb_v2026.1.Hs_chip_files_to_download_locally/Mouse_Seq_Accession_Human_Orthologs_MSigDB.v2026.1.Hs.chip,338263434,820ff0c3e5ce9895d4d1852d6d74674dbc2605c216d41aea22ba6f16b7e3c1b1,,,,,,,,,,1.0,local_present_provenance_incomplete,data/raw/pathway/msigdb_v2026.1.Hs_chip_files_to_download_locally/Mouse_Seq_Accession_Human_Orthologs_MSigDB.v2026.1.Hs.chip, Release label from local header/filename or source directory; see evidence records.
MSigDB,MSigDB,2026.1.Hs,https://www.gsea-msigdb.org/gsea/msigdb/human/collections.jsp,,,,Mouse_UCSC_ID_Human_Orthologs_MSigDB.v2026.1.Hs.chip,data/raw/MSigDB/2026.1.Hs/msigdb_v2026.1.Hs_chip_files_to_download_locally/Mouse_UCSC_ID_Human_Orthologs_MSigDB.v2026.1.Hs.chip,230676,bec202a7d437a89260bf91e258f76e923af99b86a33383a0bb9eecc840fdd248,,,,,,,,,,1.0,local_present_provenance_incomplete,data/raw/pathway/msigdb_v2026.1.Hs_chip_files_to_download_locally/Mouse_UCSC_ID_Human_Orthologs_MSigDB.v2026.1.Hs.chip, Release label from local header/filename or source directory; see evidence records.
MSigDB,MSigDB,2026.1.Hs,https://www.gsea-msigdb.org/gsea/msigdb/human/collections.jsp,,,,Mouse_UniProt_IDs_Human_Orthologs_MSigDB.v2026.1.Hs.chip,data/raw/MSigDB/2026.1.Hs/msigdb_v2026.1.Hs_chip_files_to_download_locally/Mouse_UniProt_IDs_Human_Orthologs_MSigDB.v2026.1.Hs.chip,5951235,c86e6ac6849c5d73f52c9f69ec2524b3926b932b9038cd978300736442f96e25,,,,,,,,,,1.0,local_present_provenance_incomplete,data/raw/pathway/msigdb_v2026.1.Hs_chip_files_to_download_locally/Mouse_UniProt_IDs_Human_Orthologs_MSigDB.v2026.1.Hs.chip, Release label from local header/filename or source directory; see evidence records.
MSigDB,MSigDB,2026.1.Hs,https://www.gsea-msigdb.org/gsea/msigdb/human/collections.jsp,,,,Rat_AFFY_230_Human_Orthologs_MSigDB.v2026.1.Hs.chip,data/raw/MSigDB/2026.1.Hs/msigdb_v2026.1.Hs_chip_files_to_download_locally/Rat_AFFY_230_Human_Orthologs_MSigDB.v2026.1.Hs.chip,1776096,b9a71c464c44a3900767ca3aeae7bdb57f34bb93b7c47aec51e972e6afb9f3b9,,,,,,,,,,1.0,local_present_provenance_incomplete,data/raw/pathway/msigdb_v2026.1.Hs_chip_files_to_download_locally/Rat_AFFY_230_Human_Orthologs_MSigDB.v2026.1.Hs.chip, Release label from local header/filename or source directory; see evidence records.
MSigDB,MSigDB,2026.1.Hs,https://www.gsea-msigdb.org/gsea/msigdb/human/collections.jsp,,,,Rat_AFFY_RaGene_Human_Orthologs_MSigDB.v2026.1.Hs.chip,data/raw/MSigDB/2026.1.Hs/msigdb_v2026.1.Hs_chip_files_to_download_locally/Rat_AFFY_RaGene_Human_Orthologs_MSigDB.v2026.1.Hs.chip,3421289,6847010b1dd30383cb2da4d0e73c2da19fc0bc1fc768b1bb2991eb8c5ef87e8f,,,,,,,,,,1.0,local_present_provenance_incomplete,data/raw/pathway/msigdb_v2026.1.Hs_chip_files_to_download_locally/Rat_AFFY_RaGene_Human_Orthologs_MSigDB.v2026.1.Hs.chip, Release label from local header/filename or source directory; see evidence records.
MSigDB,MSigDB,2026.1.Hs,https://www.gsea-msigdb.org/gsea/msigdb/human/collections.jsp,,,,Rat_AFFY_U34_Human_Orthologs_MSigDB.v2026.1.Hs.chip,data/raw/MSigDB/2026.1.Hs/msigdb_v2026.1.Hs_chip_files_to_download_locally/Rat_AFFY_U34_Human_Orthologs_MSigDB.v2026.1.Hs.chip,1553890,a5a57579dba0dc662b46c0ae4b1bbc32262d448e43b1369cdfc410d808372e14,,,,,,,,,,1.0,local_present_provenance_incomplete,data/raw/pathway/msigdb_v2026.1.Hs_chip_files_to_download_locally/Rat_AFFY_U34_Human_Orthologs_MSigDB.v2026.1.Hs.chip, Release label from local header/filename or source directory; see evidence records.
MSigDB,MSigDB,2026.1.Hs,https://www.gsea-msigdb.org/gsea/msigdb/human/collections.jsp,,,,Rat_AGILENT_Array_Human_Orthologs_MSigDB.v2026.1.Hs.chip,data/raw/MSigDB/2026.1.Hs/msigdb_v2026.1.Hs_chip_files_to_download_locally/Rat_AGILENT_Array_Human_Orthologs_MSigDB.v2026.1.Hs.chip,2987543,331e7aad0b28fe8ce1b85844f4f629e0f192cef3c3baaff1195fd6842a2470eb,,,,,,,,,,1.0,local_present_provenance_incomplete,data/raw/pathway/msigdb_v2026.1.Hs_chip_files_to_download_locally/Rat_AGILENT_Array_Human_Orthologs_MSigDB.v2026.1.Hs.chip, Release label from local header/filename or source directory; see evidence records.
MSigDB,MSigDB,2026.1.Hs,https://www.gsea-msigdb.org/gsea/msigdb/human/collections.jsp,,,,Rat_Codelink_Codelink_Human_Orthologs_MSigDB.v2026.1.Hs.chip,data/raw/MSigDB/2026.1.Hs/msigdb_v2026.1.Hs_chip_files_to_download_locally/Rat_Codelink_Codelink_Human_Orthologs_MSigDB.v2026.1.Hs.chip,1642281,61f4ad39a751d688a2eb5ccc6c7a11fbbc3268f6743af90ed27b9738eb69210e,,,,,,,,,,1.0,local_present_provenance_incomplete,data/raw/pathway/msigdb_v2026.1.Hs_chip_files_to_download_locally/Rat_Codelink_Codelink_Human_Orthologs_MSigDB.v2026.1.Hs.chip, Release label from local header/filename or source directory; see evidence records.
MSigDB,MSigDB,2026.1.Hs,https://www.gsea-msigdb.org/gsea/msigdb/human/collections.jsp,,,,Rat_Ensembl_Gene_ID_Human_Orthologs_MSigDB.v2026.1.Hs.chip,data/raw/MSigDB/2026.1.Hs/msigdb_v2026.1.Hs_chip_files_to_download_locally/Rat_Ensembl_Gene_ID_Human_Orthologs_MSigDB.v2026.1.Hs.chip,2120710,3580ec5144b4ed017fc418dd9fbbb96bbdabbcb1fae1ba6ab23410eaff3e091b,,,,,,,,,,1.0,local_present_provenance_incomplete,data/raw/pathway/msigdb_v2026.1.Hs_chip_files_to_download_locally/Rat_Ensembl_Gene_ID_Human_Orthologs_MSigDB.v2026.1.Hs.chip, Release label from local header/filename or source directory; see evidence records.
MSigDB,MSigDB,2026.1.Hs,https://www.gsea-msigdb.org/gsea/msigdb/human/collections.jsp,,,,Rat_Ensembl_Transcript_ID_Human_Orthologs_MSigDB.v2026.1.Hs.chip,data/raw/MSigDB/2026.1.Hs/msigdb_v2026.1.Hs_chip_files_to_download_locally/Rat_Ensembl_Transcript_ID_Human_Orthologs_MSigDB.v2026.1.Hs.chip,4505673,9215f17a5f154b1a7af77726bf2f38073d12199c0ceefc6a0e92a7bebfc5ba5c,,,,,,,,,,1.0,local_present_provenance_incomplete,data/raw/pathway/msigdb_v2026.1.Hs_chip_files_to_download_locally/Rat_Ensembl_Transcript_ID_Human_Orthologs_MSigDB.v2026.1.Hs.chip, Release label from local header/filename or source directory; see evidence records.
MSigDB,MSigDB,2026.1.Hs,https://www.gsea-msigdb.org/gsea/msigdb/human/collections.jsp,,,,Rat_Gene_Symbol_Remapping_Human_Orthologs_MSigDB.v2026.1.Hs.chip,data/raw/MSigDB/2026.1.Hs/msigdb_v2026.1.Hs_chip_files_to_download_locally/Rat_Gene_Symbol_Remapping_Human_Orthologs_MSigDB.v2026.1.Hs.chip,5990029,a30e815769a74efe5d4143bc51bd0266e030e4bce5d3605b02197ee305f4ba66,,,,,,,,,,1.0,local_present_provenance_incomplete,data/raw/pathway/msigdb_v2026.1.Hs_chip_files_to_download_locally/Rat_Gene_Symbol_Remapping_Human_Orthologs_MSigDB.v2026.1.Hs.chip, Release label from local header/filename or source directory; see evidence records.
MSigDB,MSigDB,2026.1.Hs,https://www.gsea-msigdb.org/gsea/msigdb/human/collections.jsp,,,,Rat_ILLUMINA_Array_Human_Orthologs_MSigDB.v2026.1.Hs.chip,data/raw/MSigDB/2026.1.Hs/msigdb_v2026.1.Hs_chip_files_to_download_locally/Rat_ILLUMINA_Array_Human_Orthologs_MSigDB.v2026.1.Hs.chip,1334666,ab41073e49616a2ef6055036106cd5cefbd09384850f0b07aa268bc687e036fb,,,,,,,,,,1.0,local_present_provenance_incomplete,data/raw/pathway/msigdb_v2026.1.Hs_chip_files_to_download_locally/Rat_ILLUMINA_Array_Human_Orthologs_MSigDB.v2026.1.Hs.chip, Release label from local header/filename or source directory; see evidence records.
MSigDB,MSigDB,2026.1.Hs,https://www.gsea-msigdb.org/gsea/msigdb/human/collections.jsp,,,,Rat_Image_Clone_Human_Orthologs_MSigDB.v2026.1.Hs.chip,data/raw/MSigDB/2026.1.Hs/msigdb_v2026.1.Hs_chip_files_to_download_locally/Rat_Image_Clone_Human_Orthologs_MSigDB.v2026.1.Hs.chip,12325914,e1fb9a11520cee0994df9b1ad05984876768cea5bac9ba0e47ede7de1eb7af2b,,,,,,,,,,1.0,local_present_provenance_incomplete,data/raw/pathway/msigdb_v2026.1.Hs_chip_files_to_download_locally/Rat_Image_Clone_Human_Orthologs_MSigDB.v2026.1.Hs.chip, Release label from local header/filename or source directory; see evidence records.
MSigDB,MSigDB,2026.1.Hs,https://www.gsea-msigdb.org/gsea/msigdb/human/collections.jsp,,,,Rat_NCBI_Gene_ID_Human_Orthologs_MSigDB.v2026.1.Hs.chip,data/raw/MSigDB/2026.1.Hs/msigdb_v2026.1.Hs_chip_files_to_download_locally/Rat_NCBI_Gene_ID_Human_Orthologs_MSigDB.v2026.1.Hs.chip,2096607,b65113d623ee551309827f42ea01ee172f84bcb107a205964655d5e9796c30f0,,,,,,,,,,1.0,local_present_provenance_incomplete,data/raw/pathway/msigdb_v2026.1.Hs_chip_files_to_download_locally/Rat_NCBI_Gene_ID_Human_Orthologs_MSigDB.v2026.1.Hs.chip, Release label from local header/filename or source directory; see evidence records.
MSigDB,MSigDB,2026.1.Hs,https://www.gsea-msigdb.org/gsea/msigdb/human/collections.jsp,,,,Rat_Phalanx_OneArray_Human_Orthologs_MSigDB.v2026.1.Hs.chip,data/raw/MSigDB/2026.1.Hs/msigdb_v2026.1.Hs_chip_files_to_download_locally/Rat_Phalanx_OneArray_Human_Orthologs_MSigDB.v2026.1.Hs.chip,1693951,afafae6016fe6fc83b377c1ba3c3a75f77da8b0dc2d3d5c4ea3614a0138b8bfa,,,,,,,,,,1.0,local_present_provenance_incomplete,data/raw/pathway/msigdb_v2026.1.Hs_chip_files_to_download_locally/Rat_Phalanx_OneArray_Human_Orthologs_MSigDB.v2026.1.Hs.chip, Release label from local header/filename or source directory; see evidence records.
MSigDB,MSigDB,2026.1.Hs,https://www.gsea-msigdb.org/gsea/msigdb/human/collections.jsp,,,,Rat_RefSeq_Accession_Extended_Human_Orthologs_MSigDB.v2026.1.Hs.chip,data/raw/MSigDB/2026.1.Hs/msigdb_v2026.1.Hs_chip_files_to_download_locally/Rat_RefSeq_Accession_Extended_Human_Orthologs_MSigDB.v2026.1.Hs.chip,15280445,09a21e967c2ee631c39ec7937d597251871c2bec7fec21f88e9b5c73f4ee1fd7,,,,,,,,,,1.0,local_present_provenance_incomplete,data/raw/pathway/msigdb_v2026.1.Hs_chip_files_to_download_locally/Rat_RefSeq_Accession_Extended_Human_Orthologs_MSigDB.v2026.1.Hs.chip, Release label from local header/filename or source directory; see evidence records.
MSigDB,MSigDB,2026.1.Hs,https://www.gsea-msigdb.org/gsea/msigdb/human/collections.jsp,,,,Rat_RefSeq_Accession_Human_Orthologs_MSigDB.v2026.1.Hs.chip,data/raw/MSigDB/2026.1.Hs/msigdb_v2026.1.Hs_chip_files_to_download_locally/Rat_RefSeq_Accession_Human_Orthologs_MSigDB.v2026.1.Hs.chip,13326098,7c9300848f453bc025774e29af2a235756902fdb09e6dadfa9d9c203616ccf24,,,,,,,,,,1.0,local_present_provenance_incomplete,data/raw/pathway/msigdb_v2026.1.Hs_chip_files_to_download_locally/Rat_RefSeq_Accession_Human_Orthologs_MSigDB.v2026.1.Hs.chip, Release label from local header/filename or source directory; see evidence records.
MSigDB,MSigDB,2026.1.Hs,https://www.gsea-msigdb.org/gsea/msigdb/human/collections.jsp,,,,Rat_RGD_ID_Human_Orthologs_MSigDB.v2026.1.Hs.chip,data/raw/MSigDB/2026.1.Hs/msigdb_v2026.1.Hs_chip_files_to_download_locally/Rat_RGD_ID_Human_Orthologs_MSigDB.v2026.1.Hs.chip,6880592,c3b416942712a676763adb5aaa9c8534695bcd28ca799e9ad2fcc09c768bd650,,,,,,,,,,1.0,local_present_provenance_incomplete,data/raw/pathway/msigdb_v2026.1.Hs_chip_files_to_download_locally/Rat_RGD_ID_Human_Orthologs_MSigDB.v2026.1.Hs.chip, Release label from local header/filename or source directory; see evidence records.
MSigDB,MSigDB,2026.1.Hs,https://www.gsea-msigdb.org/gsea/msigdb/human/collections.jsp,,,,Rat_Seq_Accession_Human_Orthologs_MSigDB.v2026.1.Hs.chip,data/raw/MSigDB/2026.1.Hs/msigdb_v2026.1.Hs_chip_files_to_download_locally/Rat_Seq_Accession_Human_Orthologs_MSigDB.v2026.1.Hs.chip,82491831,598ad799870dd58b273f329c7ac325fe4a60a1c11a060914835e15ef38bb0aa5,,,,,,,,,,1.0,local_present_provenance_incomplete,data/raw/pathway/msigdb_v2026.1.Hs_chip_files_to_download_locally/Rat_Seq_Accession_Human_Orthologs_MSigDB.v2026.1.Hs.chip, Release label from local header/filename or source directory; see evidence records.
MSigDB,MSigDB,2026.1.Hs,https://www.gsea-msigdb.org/gsea/msigdb/human/collections.jsp,,,,Rat_UniProt_IDs_Human_Orthologs_MSigDB.v2026.1.Hs.chip,data/raw/MSigDB/2026.1.Hs/msigdb_v2026.1.Hs_chip_files_to_download_locally/Rat_UniProt_IDs_Human_Orthologs_MSigDB.v2026.1.Hs.chip,5098999,377587ba9f298cc0a102172aa0ed38dba89d0a98664ba411bbee40f2dec32af3,,,,,,,,,,1.0,local_present_provenance_incomplete,data/raw/pathway/msigdb_v2026.1.Hs_chip_files_to_download_locally/Rat_UniProt_IDs_Human_Orthologs_MSigDB.v2026.1.Hs.chip, Release label from local header/filename or source directory; see evidence records.
MSigDB,MSigDB,2026.1.Hs,https://www.gsea-msigdb.org/gsea/msigdb/human/collections.jsp,,,,c1.all.v2026.1.Hs.entrez.gmt,data/raw/MSigDB/2026.1.Hs/msigdb_v2026.1.Hs_files_to_download_locally/msigdb_v2026.1.Hs_GMTs/c1.all.v2026.1.Hs.entrez.gmt,354572,1ae8c6390857184e6a43e23cd0946f8f01649637f0ba390531208dd5d01f0722,,,,,,,,,,1.0,local_present_provenance_incomplete,data/raw/pathway/msigdb_v2026.1.Hs_files_to_download_locally/msigdb_v2026.1.Hs_GMTs/c1.all.v2026.1.Hs.entrez.gmt, Release label from local header/filename or source directory; see evidence records.
MSigDB,MSigDB,2026.1.Hs,https://www.gsea-msigdb.org/gsea/msigdb/human/collections.jsp,,,,c1.all.v2026.1.Hs.symbols.gmt,data/raw/MSigDB/2026.1.Hs/msigdb_v2026.1.Hs_files_to_download_locally/msigdb_v2026.1.Hs_GMTs/c1.all.v2026.1.Hs.symbols.gmt,380137,ea8f0ac8405fcdf4c93ff8cb14eec54ebf10329073992a52e5afa969bc5f8277,,,,,,,,,,1.0,local_present_provenance_incomplete,data/raw/pathway/msigdb_v2026.1.Hs_files_to_download_locally/msigdb_v2026.1.Hs_GMTs/c1.all.v2026.1.Hs.symbols.gmt, Release label from local header/filename or source directory; see evidence records.
MSigDB,MSigDB,2026.1.Hs,https://www.gsea-msigdb.org/gsea/msigdb/human/collections.jsp,,,,c2.all.v2026.1.Hs.entrez.gmt,data/raw/MSigDB/2026.1.Hs/msigdb_v2026.1.Hs_files_to_download_locally/msigdb_v2026.1.Hs_GMTs/c2.all.v2026.1.Hs.entrez.gmt,4212158,ba308be95d7cbbec4ae27e9fc5403be37dbc13d75616b45ab03dbaacc198878b,,,,,,,,,,1.0,local_present_provenance_incomplete,data/raw/pathway/msigdb_v2026.1.Hs_files_to_download_locally/msigdb_v2026.1.Hs_GMTs/c2.all.v2026.1.Hs.entrez.gmt, Release label from local header/filename or source directory; see evidence records.
MSigDB,MSigDB,2026.1.Hs,https://www.gsea-msigdb.org/gsea/msigdb/human/collections.jsp,,,,c2.all.v2026.1.Hs.symbols.gmt,data/raw/MSigDB/2026.1.Hs/msigdb_v2026.1.Hs_files_to_download_locally/msigdb_v2026.1.Hs_GMTs/c2.all.v2026.1.Hs.symbols.gmt,4634828,237ee6165b3055d3a861d484c4959566a204a96a9b3bacee112dd03cc1751fb1,,,,,,,,,,1.0,local_present_provenance_incomplete,data/raw/pathway/msigdb_v2026.1.Hs_files_to_download_locally/msigdb_v2026.1.Hs_GMTs/c2.all.v2026.1.Hs.symbols.gmt, Release label from local header/filename or source directory; see evidence records.
MSigDB,MSigDB,2026.1.Hs,https://www.gsea-msigdb.org/gsea/msigdb/human/collections.jsp,,,,c2.cgp.v2026.1.Hs.entrez.gmt,data/raw/MSigDB/2026.1.Hs/msigdb_v2026.1.Hs_files_to_download_locally/msigdb_v2026.1.Hs_GMTs/c2.cgp.v2026.1.Hs.entrez.gmt,2674485,8db69a5a0a721951f8841d060266676b03097ad2b292f05046632cf9f5e92dfc,,,,,,,,,,1.0,local_present_provenance_incomplete,data/raw/pathway/msigdb_v2026.1.Hs_files_to_download_locally/msigdb_v2026.1.Hs_GMTs/c2.cgp.v2026.1.Hs.entrez.gmt, Release label from local header/filename or source directory; see evidence records.
MSigDB,MSigDB,2026.1.Hs,https://www.gsea-msigdb.org/gsea/msigdb/human/collections.jsp,,,,c2.cgp.v2026.1.Hs.symbols.gmt,data/raw/MSigDB/2026.1.Hs/msigdb_v2026.1.Hs_files_to_download_locally/msigdb_v2026.1.Hs_GMTs/c2.cgp.v2026.1.Hs.symbols.gmt,2957438,170609526c4a52d89f3ce3719b616b199b3b13d8785dc672a593fabb90e72bf2,,,,,,,,,,1.0,local_present_provenance_incomplete,data/raw/pathway/msigdb_v2026.1.Hs_files_to_download_locally/msigdb_v2026.1.Hs_GMTs/c2.cgp.v2026.1.Hs.symbols.gmt, Release label from local header/filename or source directory; see evidence records.
MSigDB,MSigDB,2026.1.Hs,https://www.gsea-msigdb.org/gsea/msigdb/human/collections.jsp,,,,c2.cp.biocarta.v2026.1.Hs.entrez.gmt,data/raw/MSigDB/2026.1.Hs/msigdb_v2026.1.Hs_files_to_download_locally/msigdb_v2026.1.Hs_GMTs/c2.cp.biocarta.v2026.1.Hs.entrez.gmt,53030,b0322f41f1f912292079335acf28e541e1d6fa0d5987709623668a20e779f6d9,,,,,,,,,,1.0,local_present_provenance_incomplete,data/raw/pathway/msigdb_v2026.1.Hs_files_to_download_locally/msigdb_v2026.1.Hs_GMTs/c2.cp.biocarta.v2026.1.Hs.entrez.gmt, Release label from local header/filename or source directory; see evidence records.
MSigDB,MSigDB,2026.1.Hs,https://www.gsea-msigdb.org/gsea/msigdb/human/collections.jsp,,,,c2.cp.biocarta.v2026.1.Hs.symbols.gmt,data/raw/MSigDB/2026.1.Hs/msigdb_v2026.1.Hs_files_to_download_locally/msigdb_v2026.1.Hs_GMTs/c2.cp.biocarta.v2026.1.Hs.symbols.gmt,57689,b53f03a674cedb6d86fef65c73ec1bd9704a86f6ac3e0f419667ff8730c6d4e3,,,,,,,,,,1.0,local_present_provenance_incomplete,data/raw/pathway/msigdb_v2026.1.Hs_files_to_download_locally/msigdb_v2026.1.Hs_GMTs/c2.cp.biocarta.v2026.1.Hs.symbols.gmt, Release label from local header/filename or source directory; see evidence records.
MSigDB,MSigDB,2026.1.Hs,https://www.gsea-msigdb.org/gsea/msigdb/human/collections.jsp,,,,c2.cp.kegg_legacy.v2026.1.Hs.entrez.gmt,data/raw/MSigDB/2026.1.Hs/msigdb_v2026.1.Hs_files_to_download_locally/msigdb_v2026.1.Hs_GMTs/c2.cp.kegg_legacy.v2026.1.Hs.entrez.gmt,88313,b2b8502eac72bb36d306c0cc6037b1d97558b053874ce5d42db4d3a3efcde508,,,,,,,,,,1.0,local_present_provenance_incomplete,data/raw/pathway/msigdb_v2026.1.Hs_files_to_download_locally/msigdb_v2026.1.Hs_GMTs/c2.cp.kegg_legacy.v2026.1.Hs.entrez.gmt, Release label from local header/filename or source directory; see evidence records.
MSigDB,MSigDB,2026.1.Hs,https://www.gsea-msigdb.org/gsea/msigdb/human/collections.jsp,,,,c2.cp.kegg_legacy.v2026.1.Hs.symbols.gmt,data/raw/MSigDB/2026.1.Hs/msigdb_v2026.1.Hs_files_to_download_locally/msigdb_v2026.1.Hs_GMTs/c2.cp.kegg_legacy.v2026.1.Hs.symbols.gmt,100274,4a87c8d1260e637ec174f5960885519d46fa29da650e70d3a3641a4d41c4fa5e,,,,,,,,,,1.0,local_present_provenance_incomplete,data/raw/pathway/msigdb_v2026.1.Hs_files_to_download_locally/msigdb_v2026.1.Hs_GMTs/c2.cp.kegg_legacy.v2026.1.Hs.symbols.gmt, Release label from local header/filename or source directory; see evidence records.
MSigDB,MSigDB,2026.1.Hs,https://www.gsea-msigdb.org/gsea/msigdb/human/collections.jsp,,,,c2.cp.kegg_medicus.v2026.1.Hs.entrez.gmt,data/raw/MSigDB/2026.1.Hs/msigdb_v2026.1.Hs_files_to_download_locally/msigdb_v2026.1.Hs_GMTs/c2.cp.kegg_medicus.v2026.1.Hs.entrez.gmt,169439,d1d15ada0d5703df72529d6ef435d881446ff8d40b9208100c99910bf00e303c,,,,,,,,,,1.0,local_present_provenance_incomplete,data/raw/pathway/msigdb_v2026.1.Hs_files_to_download_locally/msigdb_v2026.1.Hs_GMTs/c2.cp.kegg_medicus.v2026.1.Hs.entrez.gmt, Release label from local header/filename or source directory; see evidence records.
MSigDB,MSigDB,2026.1.Hs,https://www.gsea-msigdb.org/gsea/msigdb/human/collections.jsp,,,,c2.cp.kegg_medicus.v2026.1.Hs.symbols.gmt,data/raw/MSigDB/2026.1.Hs/msigdb_v2026.1.Hs_files_to_download_locally/msigdb_v2026.1.Hs_GMTs/c2.cp.kegg_medicus.v2026.1.Hs.symbols.gmt,177277,e257052d604cb2f386f8372b3fb9b494095688ac8ae0d72ba947cc00f5628cb1,,,,,,,,,,1.0,local_present_provenance_incomplete,data/raw/pathway/msigdb_v2026.1.Hs_files_to_download_locally/msigdb_v2026.1.Hs_GMTs/c2.cp.kegg_medicus.v2026.1.Hs.symbols.gmt, Release label from local header/filename or source directory; see evidence records.
MSigDB,MSigDB,2026.1.Hs,https://www.gsea-msigdb.org/gsea/msigdb/human/collections.jsp,,,,c2.cp.pid.v2026.1.Hs.entrez.gmt,data/raw/MSigDB/2026.1.Hs/msigdb_v2026.1.Hs_files_to_download_locally/msigdb_v2026.1.Hs_GMTs/c2.cp.pid.v2026.1.Hs.entrez.gmt,59647,81a09c8988d2a1eedda4d9a3680a3f93e0c74c4a86a52e605743c210e725c6ed,,,,,,,,,,1.0,local_present_provenance_incomplete,data/raw/pathway/msigdb_v2026.1.Hs_files_to_download_locally/msigdb_v2026.1.Hs_GMTs/c2.cp.pid.v2026.1.Hs.entrez.gmt, Release label from local header/filename or source directory; see evidence records.
MSigDB,MSigDB,2026.1.Hs,https://www.gsea-msigdb.org/gsea/msigdb/human/collections.jsp,,,,c2.cp.pid.v2026.1.Hs.symbols.gmt,data/raw/MSigDB/2026.1.Hs/msigdb_v2026.1.Hs_files_to_download_locally/msigdb_v2026.1.Hs_GMTs/c2.cp.pid.v2026.1.Hs.symbols.gmt,65610,208772254b8c13a6ee1c4a864cfa14b56657f279ec5b36e8999db87b951155e5,,,,,,,,,,1.0,local_present_provenance_incomplete,data/raw/pathway/msigdb_v2026.1.Hs_files_to_download_locally/msigdb_v2026.1.Hs_GMTs/c2.cp.pid.v2026.1.Hs.symbols.gmt, Release label from local header/filename or source directory; see evidence records.
MSigDB,MSigDB,2026.1.Hs,https://www.gsea-msigdb.org/gsea/msigdb/human/collections.jsp,,,,c2.cp.reactome.v2026.1.Hs.entrez.gmt,data/raw/MSigDB/2026.1.Hs/msigdb_v2026.1.Hs_files_to_download_locally/msigdb_v2026.1.Hs_GMTs/c2.cp.reactome.v2026.1.Hs.entrez.gmt,820661,b2fcb2f6c81a598df5a645333f7ecf52c7a07b782dc39b30ff390d431dc20695,,,,,,,,,,1.0,local_present_provenance_incomplete,data/raw/pathway/msigdb_v2026.1.Hs_files_to_download_locally/msigdb_v2026.1.Hs_GMTs/c2.cp.reactome.v2026.1.Hs.entrez.gmt, Release label from local header/filename or source directory; see evidence records.
MSigDB,MSigDB,2026.1.Hs,https://www.gsea-msigdb.org/gsea/msigdb/human/collections.jsp,,,,c2.cp.reactome.v2026.1.Hs.symbols.gmt,data/raw/MSigDB/2026.1.Hs/msigdb_v2026.1.Hs_files_to_download_locally/msigdb_v2026.1.Hs_GMTs/c2.cp.reactome.v2026.1.Hs.symbols.gmt,898680,5d61f289a2400cddfbb3a3353829fd2284a360bbe50f2093b566c4b7bea93341,,,,,,,,,,1.0,local_present_provenance_incomplete,data/raw/pathway/msigdb_v2026.1.Hs_files_to_download_locally/msigdb_v2026.1.Hs_GMTs/c2.cp.reactome.v2026.1.Hs.symbols.gmt, Release label from local header/filename or source directory; see evidence records.
MSigDB,MSigDB,2026.1.Hs,https://www.gsea-msigdb.org/gsea/msigdb/human/collections.jsp,,,,c2.cp.v2026.1.Hs.entrez.gmt,data/raw/MSigDB/2026.1.Hs/msigdb_v2026.1.Hs_files_to_download_locally/msigdb_v2026.1.Hs_GMTs/c2.cp.v2026.1.Hs.entrez.gmt,1537673,67456c318441cecc7c96f3506912db5b7f61165989c09b6bc145029bf2306ac4,,,,,,,,,,1.0,local_present_provenance_incomplete,data/raw/pathway/msigdb_v2026.1.Hs_files_to_download_locally/msigdb_v2026.1.Hs_GMTs/c2.cp.v2026.1.Hs.entrez.gmt, Release label from local header/filename or source directory; see evidence records.
MSigDB,MSigDB,2026.1.Hs,https://www.gsea-msigdb.org/gsea/msigdb/human/collections.jsp,,,,c2.cp.v2026.1.Hs.symbols.gmt,data/raw/MSigDB/2026.1.Hs/msigdb_v2026.1.Hs_files_to_download_locally/msigdb_v2026.1.Hs_GMTs/c2.cp.v2026.1.Hs.symbols.gmt,1677390,af1b31c091f5d296438f6ca20fba0286ca31fd8ae84efd6317675e6579968093,,,,,,,,,,1.0,local_present_provenance_incomplete,data/raw/pathway/msigdb_v2026.1.Hs_files_to_download_locally/msigdb_v2026.1.Hs_GMTs/c2.cp.v2026.1.Hs.symbols.gmt, Release label from local header/filename or source directory; see evidence records.
MSigDB,MSigDB,2026.1.Hs,https://www.gsea-msigdb.org/gsea/msigdb/human/collections.jsp,,,,c2.cp.wikipathways.v2026.1.Hs.entrez.gmt,data/raw/MSigDB/2026.1.Hs/msigdb_v2026.1.Hs_files_to_download_locally/msigdb_v2026.1.Hs_GMTs/c2.cp.wikipathways.v2026.1.Hs.entrez.gmt,341654,5becdd7484c5e0b116efac7d94a70cc1aaca3141aca030b39595162c2c03ea5b,,,,,,,,,,1.0,local_present_provenance_incomplete,data/raw/pathway/msigdb_v2026.1.Hs_files_to_download_locally/msigdb_v2026.1.Hs_GMTs/c2.cp.wikipathways.v2026.1.Hs.entrez.gmt, Release label from local header/filename or source directory; see evidence records.
MSigDB,MSigDB,2026.1.Hs,https://www.gsea-msigdb.org/gsea/msigdb/human/collections.jsp,,,,c2.cp.wikipathways.v2026.1.Hs.symbols.gmt,data/raw/MSigDB/2026.1.Hs/msigdb_v2026.1.Hs_files_to_download_locally/msigdb_v2026.1.Hs_GMTs/c2.cp.wikipathways.v2026.1.Hs.symbols.gmt,372459,42c7a6dedea6a7abbc37f5d77d1ab84cc8fdaad44d7f664026047d23cc78f52c,,,,,,,,,,1.0,local_present_provenance_incomplete,data/raw/pathway/msigdb_v2026.1.Hs_files_to_download_locally/msigdb_v2026.1.Hs_GMTs/c2.cp.wikipathways.v2026.1.Hs.symbols.gmt, Release label from local header/filename or source directory; see evidence records.
MSigDB,MSigDB,2026.1.Hs,https://www.gsea-msigdb.org/gsea/msigdb/human/collections.jsp,,,,c3.all.v2026.1.Hs.entrez.gmt,data/raw/MSigDB/2026.1.Hs/msigdb_v2026.1.Hs_files_to_download_locally/msigdb_v2026.1.Hs_GMTs/c3.all.v2026.1.Hs.entrez.gmt,5125187,7acad8e565d2369f085e470678d6055ea149786f32b982abb73853daeb753606,,,,,,,,,,1.0,local_present_provenance_incomplete,data/raw/pathway/msigdb_v2026.1.Hs_files_to_download_locally/msigdb_v2026.1.Hs_GMTs/c3.all.v2026.1.Hs.entrez.gmt, Release label from local header/filename or source directory; see evidence records.
MSigDB,MSigDB,2026.1.Hs,https://www.gsea-msigdb.org/gsea/msigdb/human/collections.jsp,,,,c3.all.v2026.1.Hs.symbols.gmt,data/raw/MSigDB/2026.1.Hs/msigdb_v2026.1.Hs_files_to_download_locally/msigdb_v2026.1.Hs_GMTs/c3.all.v2026.1.Hs.symbols.gmt,5619196,7c03a2286ec8ac321d078706cbeff79fa2ad533555933d1bb5ca0a46a2b2ee90,,,,,,,,,,1.0,local_present_provenance_incomplete,data/raw/pathway/msigdb_v2026.1.Hs_files_to_download_locally/msigdb_v2026.1.Hs_GMTs/c3.all.v2026.1.Hs.symbols.gmt, Release label from local header/filename or source directory; see evidence records.
MSigDB,MSigDB,2026.1.Hs,https://www.gsea-msigdb.org/gsea/msigdb/human/collections.jsp,,,,c3.mir.mir_legacy.v2026.1.Hs.entrez.gmt,data/raw/MSigDB/2026.1.Hs/msigdb_v2026.1.Hs_files_to_download_locally/msigdb_v2026.1.Hs_GMTs/c3.mir.mir_legacy.v2026.1.Hs.entrez.gmt,211914,bcfa3b609839f81c6621060e6f68235f413f2636609505d80b84f7d2697d3e79,,,,,,,,,,1.0,local_present_provenance_incomplete,data/raw/pathway/msigdb_v2026.1.Hs_files_to_download_locally/msigdb_v2026.1.Hs_GMTs/c3.mir.mir_legacy.v2026.1.Hs.entrez.gmt, Release label from local header/filename or source directory; see evidence records.
MSigDB,MSigDB,2026.1.Hs,https://www.gsea-msigdb.org/gsea/msigdb/human/collections.jsp,,,,c3.mir.mir_legacy.v2026.1.Hs.symbols.gmt,data/raw/MSigDB/2026.1.Hs/msigdb_v2026.1.Hs_files_to_download_locally/msigdb_v2026.1.Hs_GMTs/c3.mir.mir_legacy.v2026.1.Hs.symbols.gmt,234640,75baf4f06c0ef92dc7ad82b7e5ef7f651e0ab8ff84a9508f2c99be739454f407,,,,,,,,,,1.0,local_present_provenance_incomplete,data/raw/pathway/msigdb_v2026.1.Hs_files_to_download_locally/msigdb_v2026.1.Hs_GMTs/c3.mir.mir_legacy.v2026.1.Hs.symbols.gmt, Release label from local header/filename or source directory; see evidence records.
MSigDB,MSigDB,2026.1.Hs,https://www.gsea-msigdb.org/gsea/msigdb/human/collections.jsp,,,,c3.mir.mirdb.v2026.1.Hs.entrez.gmt,data/raw/MSigDB/2026.1.Hs/msigdb_v2026.1.Hs_files_to_download_locally/msigdb_v2026.1.Hs_GMTs/c3.mir.mirdb.v2026.1.Hs.entrez.gmt,2326974,68d722d1cc8407f8e2d2cef1723e636122df01152596b541d2b7c780d5dd83c8,,,,,,,,,,1.0,local_present_provenance_incomplete,data/raw/pathway/msigdb_v2026.1.Hs_files_to_download_locally/msigdb_v2026.1.Hs_GMTs/c3.mir.mirdb.v2026.1.Hs.entrez.gmt, Release label from local header/filename or source directory; see evidence records.
MSigDB,MSigDB,2026.1.Hs,https://www.gsea-msigdb.org/gsea/msigdb/human/collections.jsp,,,,c3.mir.mirdb.v2026.1.Hs.symbols.gmt,data/raw/MSigDB/2026.1.Hs/msigdb_v2026.1.Hs_files_to_download_locally/msigdb_v2026.1.Hs_GMTs/c3.mir.mirdb.v2026.1.Hs.symbols.gmt,2545324,7d1e007143f00595e68934f2e950bbc7785a9161a6e7a766518b357dd31ea728,,,,,,,,,,1.0,local_present_provenance_incomplete,data/raw/pathway/msigdb_v2026.1.Hs_files_to_download_locally/msigdb_v2026.1.Hs_GMTs/c3.mir.mirdb.v2026.1.Hs.symbols.gmt, Release label from local header/filename or source directory; see evidence records.
MSigDB,MSigDB,2026.1.Hs,https://www.gsea-msigdb.org/gsea/msigdb/human/collections.jsp,,,,c3.mir.v2026.1.Hs.entrez.gmt,data/raw/MSigDB/2026.1.Hs/msigdb_v2026.1.Hs_files_to_download_locally/msigdb_v2026.1.Hs_GMTs/c3.mir.v2026.1.Hs.entrez.gmt,2538888,1c9ac29c22ba8522932f30d539221db65a0619b8cad7f607a536f70ebb159144,,,,,,,,,,1.0,local_present_provenance_incomplete,data/raw/pathway/msigdb_v2026.1.Hs_files_to_download_locally/msigdb_v2026.1.Hs_GMTs/c3.mir.v2026.1.Hs.entrez.gmt, Release label from local header/filename or source directory; see evidence records.
MSigDB,MSigDB,2026.1.Hs,https://www.gsea-msigdb.org/gsea/msigdb/human/collections.jsp,,,,c3.mir.v2026.1.Hs.symbols.gmt,data/raw/MSigDB/2026.1.Hs/msigdb_v2026.1.Hs_files_to_download_locally/msigdb_v2026.1.Hs_GMTs/c3.mir.v2026.1.Hs.symbols.gmt,2779964,684ce3ac93a73a1d6d5a3e989adb3814e4a9df49e0573e910277cd385d2e74bb,,,,,,,,,,1.0,local_present_provenance_incomplete,data/raw/pathway/msigdb_v2026.1.Hs_files_to_download_locally/msigdb_v2026.1.Hs_GMTs/c3.mir.v2026.1.Hs.symbols.gmt, Release label from local header/filename or source directory; see evidence records.
MSigDB,MSigDB,2026.1.Hs,https://www.gsea-msigdb.org/gsea/msigdb/human/collections.jsp,,,,c3.tft.gtrd.v2026.1.Hs.entrez.gmt,data/raw/MSigDB/2026.1.Hs/msigdb_v2026.1.Hs_files_to_download_locally/msigdb_v2026.1.Hs_GMTs/c3.tft.gtrd.v2026.1.Hs.entrez.gmt,1671333,30f0f79b1de79743d376bcaa7e96afb8c03d76e0c1fd4668a96a2048e02f4d05,,,,,,,,,,1.0,local_present_provenance_incomplete,data/raw/pathway/msigdb_v2026.1.Hs_files_to_download_locally/msigdb_v2026.1.Hs_GMTs/c3.tft.gtrd.v2026.1.Hs.entrez.gmt, Release label from local header/filename or source directory; see evidence records.
MSigDB,MSigDB,2026.1.Hs,https://www.gsea-msigdb.org/gsea/msigdb/human/collections.jsp,,,,c3.tft.gtrd.v2026.1.Hs.symbols.gmt,data/raw/MSigDB/2026.1.Hs/msigdb_v2026.1.Hs_files_to_download_locally/msigdb_v2026.1.Hs_GMTs/c3.tft.gtrd.v2026.1.Hs.symbols.gmt,1824743,1c981780b00173ee7e1f86d61f0cf1a9fa80afc2bb28bfb010efc5eea3aaad6c,,,,,,,,,,1.0,local_present_provenance_incomplete,data/raw/pathway/msigdb_v2026.1.Hs_files_to_download_locally/msigdb_v2026.1.Hs_GMTs/c3.tft.gtrd.v2026.1.Hs.symbols.gmt, Release label from local header/filename or source directory; see evidence records.
MSigDB,MSigDB,2026.1.Hs,https://www.gsea-msigdb.org/gsea/msigdb/human/collections.jsp,,,,c3.tft.tft_legacy.v2026.1.Hs.entrez.gmt,data/raw/MSigDB/2026.1.Hs/msigdb_v2026.1.Hs_files_to_download_locally/msigdb_v2026.1.Hs_GMTs/c3.tft.tft_legacy.v2026.1.Hs.entrez.gmt,914966,c9c860c2673ca3f4cedd78359435333763a80c5192508c45d716f363d1c3d4e4,,,,,,,,,,1.0,local_present_provenance_incomplete,data/raw/pathway/msigdb_v2026.1.Hs_files_to_download_locally/msigdb_v2026.1.Hs_GMTs/c3.tft.tft_legacy.v2026.1.Hs.entrez.gmt, Release label from local header/filename or source directory; see evidence records.
MSigDB,MSigDB,2026.1.Hs,https://www.gsea-msigdb.org/gsea/msigdb/human/collections.jsp,,,,c3.tft.tft_legacy.v2026.1.Hs.symbols.gmt,data/raw/MSigDB/2026.1.Hs/msigdb_v2026.1.Hs_files_to_download_locally/msigdb_v2026.1.Hs_GMTs/c3.tft.tft_legacy.v2026.1.Hs.symbols.gmt,1014489,2d81cbe5995750fe9a52a58aa0ee8d083832ccb450be4876df602233fe956ceb,,,,,,,,,,1.0,local_present_provenance_incomplete,data/raw/pathway/msigdb_v2026.1.Hs_files_to_download_locally/msigdb_v2026.1.Hs_GMTs/c3.tft.tft_legacy.v2026.1.Hs.symbols.gmt, Release label from local header/filename or source directory; see evidence records.
MSigDB,MSigDB,2026.1.Hs,https://www.gsea-msigdb.org/gsea/msigdb/human/collections.jsp,,,,c3.tft.v2026.1.Hs.entrez.gmt,data/raw/MSigDB/2026.1.Hs/msigdb_v2026.1.Hs_files_to_download_locally/msigdb_v2026.1.Hs_GMTs/c3.tft.v2026.1.Hs.entrez.gmt,2586299,28cff4c4075b46aea23903c803895075f32e9a125b647e12ccd3caa6339615d4,,,,,,,,,,1.0,local_present_provenance_incomplete,data/raw/pathway/msigdb_v2026.1.Hs_files_to_download_locally/msigdb_v2026.1.Hs_GMTs/c3.tft.v2026.1.Hs.entrez.gmt, Release label from local header/filename or source directory; see evidence records.
MSigDB,MSigDB,2026.1.Hs,https://www.gsea-msigdb.org/gsea/msigdb/human/collections.jsp,,,,c3.tft.v2026.1.Hs.symbols.gmt,data/raw/MSigDB/2026.1.Hs/msigdb_v2026.1.Hs_files_to_download_locally/msigdb_v2026.1.Hs_GMTs/c3.tft.v2026.1.Hs.symbols.gmt,2839232,426b3c4f863d14bb6c80d5d00fb740d407c5d263526af0757fb5d82b10ae09c6,,,,,,,,,,1.0,local_present_provenance_incomplete,data/raw/pathway/msigdb_v2026.1.Hs_files_to_download_locally/msigdb_v2026.1.Hs_GMTs/c3.tft.v2026.1.Hs.symbols.gmt, Release label from local header/filename or source directory; see evidence records.
MSigDB,MSigDB,2026.1.Hs,https://www.gsea-msigdb.org/gsea/msigdb/human/collections.jsp,,,,c4.3ca.v2026.1.Hs.entrez.gmt,data/raw/MSigDB/2026.1.Hs/msigdb_v2026.1.Hs_files_to_download_locally/msigdb_v2026.1.Hs_GMTs/c4.3ca.v2026.1.Hs.entrez.gmt,60890,f1d657f2f8c692504bb05dcbe3c9137e606f2962310b41b0e4ac40a0bec81e8f,,,,,,,,,,1.0,local_present_provenance_incomplete,data/raw/pathway/msigdb_v2026.1.Hs_files_to_download_locally/msigdb_v2026.1.Hs_GMTs/c4.3ca.v2026.1.Hs.entrez.gmt, Release label from local header/filename or source directory; see evidence records.
MSigDB,MSigDB,2026.1.Hs,https://www.gsea-msigdb.org/gsea/msigdb/human/collections.jsp,,,,c4.3ca.v2026.1.Hs.symbols.gmt,data/raw/MSigDB/2026.1.Hs/msigdb_v2026.1.Hs_files_to_download_locally/msigdb_v2026.1.Hs_GMTs/c4.3ca.v2026.1.Hs.symbols.gmt,66346,718fc509b9891f1db00e624c571d55d593a54a1a0d9cb9d48848e3caa34e7b28,,,,,,,,,,1.0,local_present_provenance_incomplete,data/raw/pathway/msigdb_v2026.1.Hs_files_to_download_locally/msigdb_v2026.1.Hs_GMTs/c4.3ca.v2026.1.Hs.symbols.gmt, Release label from local header/filename or source directory; see evidence records.
MSigDB,MSigDB,2026.1.Hs,https://www.gsea-msigdb.org/gsea/msigdb/human/collections.jsp,,,,c4.all.v2026.1.Hs.entrez.gmt,data/raw/MSigDB/2026.1.Hs/msigdb_v2026.1.Hs_files_to_download_locally/msigdb_v2026.1.Hs_GMTs/c4.all.v2026.1.Hs.entrez.gmt,603674,7c83ec4070c76f68e39cc591775c6f43ace59faeb323c01ed4186e0aa86db70b,,,,,,,,,,1.0,local_present_provenance_incomplete,data/raw/pathway/msigdb_v2026.1.Hs_files_to_download_locally/msigdb_v2026.1.Hs_GMTs/c4.all.v2026.1.Hs.entrez.gmt, Release label from local header/filename or source directory; see evidence records.
MSigDB,MSigDB,2026.1.Hs,https://www.gsea-msigdb.org/gsea/msigdb/human/collections.jsp,,,,c4.all.v2026.1.Hs.symbols.gmt,data/raw/MSigDB/2026.1.Hs/msigdb_v2026.1.Hs_files_to_download_locally/msigdb_v2026.1.Hs_GMTs/c4.all.v2026.1.Hs.symbols.gmt,683609,1c3507e8e99a8b857b64f71702c6bf00a45379634352b011af09c14005ca4e58,,,,,,,,,,1.0,local_present_provenance_incomplete,data/raw/pathway/msigdb_v2026.1.Hs_files_to_download_locally/msigdb_v2026.1.Hs_GMTs/c4.all.v2026.1.Hs.symbols.gmt, Release label from local header/filename or source directory; see evidence records.
MSigDB,MSigDB,2026.1.Hs,https://www.gsea-msigdb.org/gsea/msigdb/human/collections.jsp,,,,c4.cgn.v2026.1.Hs.entrez.gmt,data/raw/MSigDB/2026.1.Hs/msigdb_v2026.1.Hs_files_to_download_locally/msigdb_v2026.1.Hs_GMTs/c4.cgn.v2026.1.Hs.entrez.gmt,257222,7366cce8834f7868851a525c79db95556640dc7deff077e80d2c0de47ceb727e,,,,,,,,,,1.0,local_present_provenance_incomplete,data/raw/pathway/msigdb_v2026.1.Hs_files_to_download_locally/msigdb_v2026.1.Hs_GMTs/c4.cgn.v2026.1.Hs.entrez.gmt, Release label from local header/filename or source directory; see evidence records.
MSigDB,MSigDB,2026.1.Hs,https://www.gsea-msigdb.org/gsea/msigdb/human/collections.jsp,,,,c4.cgn.v2026.1.Hs.symbols.gmt,data/raw/MSigDB/2026.1.Hs/msigdb_v2026.1.Hs_files_to_download_locally/msigdb_v2026.1.Hs_GMTs/c4.cgn.v2026.1.Hs.symbols.gmt,291149,54ed7495cd5e93ace7aa33c94cab2b66e421f17d6628aea684787c9fe7a82cb6,,,,,,,,,,1.0,local_present_provenance_incomplete,data/raw/pathway/msigdb_v2026.1.Hs_files_to_download_locally/msigdb_v2026.1.Hs_GMTs/c4.cgn.v2026.1.Hs.symbols.gmt, Release label from local header/filename or source directory; see evidence records.
MSigDB,MSigDB,2026.1.Hs,https://www.gsea-msigdb.org/gsea/msigdb/human/collections.jsp,,,,c4.cm.v2026.1.Hs.entrez.gmt,data/raw/MSigDB/2026.1.Hs/msigdb_v2026.1.Hs_files_to_download_locally/msigdb_v2026.1.Hs_GMTs/c4.cm.v2026.1.Hs.entrez.gmt,285562,8ef47bb659a064decd62a806cc61d79db208b84051262ae9f625c04c790e2be9,,,,,,,,,,1.0,local_present_provenance_incomplete,data/raw/pathway/msigdb_v2026.1.Hs_files_to_download_locally/msigdb_v2026.1.Hs_GMTs/c4.cm.v2026.1.Hs.entrez.gmt, Release label from local header/filename or source directory; see evidence records.
MSigDB,MSigDB,2026.1.Hs,https://www.gsea-msigdb.org/gsea/msigdb/human/collections.jsp,,,,c4.cm.v2026.1.Hs.symbols.gmt,data/raw/MSigDB/2026.1.Hs/msigdb_v2026.1.Hs_files_to_download_locally/msigdb_v2026.1.Hs_GMTs/c4.cm.v2026.1.Hs.symbols.gmt,326114,02166b58ca63c6428734d165c8d49b6ad9ab05826d6e15bb877a823356928029,,,,,,,,,,1.0,local_present_provenance_incomplete,data/raw/pathway/msigdb_v2026.1.Hs_files_to_download_locally/msigdb_v2026.1.Hs_GMTs/c4.cm.v2026.1.Hs.symbols.gmt, Release label from local header/filename or source directory; see evidence records.
MSigDB,MSigDB,2026.1.Hs,https://www.gsea-msigdb.org/gsea/msigdb/human/collections.jsp,,,,c5.all.v2026.1.Hs.entrez.gmt,data/raw/MSigDB/2026.1.Hs/msigdb_v2026.1.Hs_files_to_download_locally/msigdb_v2026.1.Hs_GMTs/c5.all.v2026.1.Hs.entrez.gmt,9666900,887d7889a4b2ec81613b99bd2320c47e46715caf95eee1b02bcf399c05e27981,,,,,,,,,,1.0,local_present_provenance_incomplete,data/raw/pathway/msigdb_v2026.1.Hs_files_to_download_locally/msigdb_v2026.1.Hs_GMTs/c5.all.v2026.1.Hs.entrez.gmt, Release label from local header/filename or source directory; see evidence records.
MSigDB,MSigDB,2026.1.Hs,https://www.gsea-msigdb.org/gsea/msigdb/human/collections.jsp,,,,c5.all.v2026.1.Hs.symbols.gmt,data/raw/MSigDB/2026.1.Hs/msigdb_v2026.1.Hs_files_to_download_locally/msigdb_v2026.1.Hs_GMTs/c5.all.v2026.1.Hs.symbols.gmt,10498916,289f15434de8e69e07a54e8c2cfea3964330d5bf78d2a95c0be9d2f3af837fd7,,,,,,,,,,1.0,local_present_provenance_incomplete,data/raw/pathway/msigdb_v2026.1.Hs_files_to_download_locally/msigdb_v2026.1.Hs_GMTs/c5.all.v2026.1.Hs.symbols.gmt, Release label from local header/filename or source directory; see evidence records.
MSigDB,MSigDB,2026.1.Hs,https://www.gsea-msigdb.org/gsea/msigdb/human/collections.jsp,,,,c5.go.bp.v2026.1.Hs.entrez.gmt,data/raw/MSigDB/2026.1.Hs/msigdb_v2026.1.Hs_files_to_download_locally/msigdb_v2026.1.Hs_GMTs/c5.go.bp.v2026.1.Hs.entrez.gmt,4503469,aa115797c880569adc5bb4ef3a572cdb66fd01ec79ed5155c9a61f447feb8eb5,,,,,,,,,,1.0,local_present_provenance_incomplete,data/raw/pathway/msigdb_v2026.1.Hs_files_to_download_locally/msigdb_v2026.1.Hs_GMTs/c5.go.bp.v2026.1.Hs.entrez.gmt, Release label from local header/filename or source directory; see evidence records.
MSigDB,MSigDB,2026.1.Hs,https://www.gsea-msigdb.org/gsea/msigdb/human/collections.jsp,,,,c5.go.bp.v2026.1.Hs.symbols.gmt,data/raw/MSigDB/2026.1.Hs/msigdb_v2026.1.Hs_files_to_download_locally/msigdb_v2026.1.Hs_GMTs/c5.go.bp.v2026.1.Hs.symbols.gmt,4872550,9be09dd06d6652566eb52eed530d62e6dfecc4365c1e81afd6f0b7f2e86dd4f9,,,,,,,,,,1.0,local_present_provenance_incomplete,data/raw/pathway/msigdb_v2026.1.Hs_files_to_download_locally/msigdb_v2026.1.Hs_GMTs/c5.go.bp.v2026.1.Hs.symbols.gmt, Release label from local header/filename or source directory; see evidence records.
MSigDB,MSigDB,2026.1.Hs,https://www.gsea-msigdb.org/gsea/msigdb/human/collections.jsp,,,,c5.go.cc.v2026.1.Hs.entrez.gmt,data/raw/MSigDB/2026.1.Hs/msigdb_v2026.1.Hs_files_to_download_locally/msigdb_v2026.1.Hs_GMTs/c5.go.cc.v2026.1.Hs.entrez.gmt,708566,ee3580f42ff17673dc36aa1d6fbe87b68a07e2fa15e4a9456153fd6b4d8ec370,,,,,,,,,,1.0,local_present_provenance_incomplete,data/raw/pathway/msigdb_v2026.1.Hs_files_to_download_locally/msigdb_v2026.1.Hs_GMTs/c5.go.cc.v2026.1.Hs.entrez.gmt, Release label from local header/filename or source directory; see evidence records.
MSigDB,MSigDB,2026.1.Hs,https://www.gsea-msigdb.org/gsea/msigdb/human/collections.jsp,,,,c5.go.cc.v2026.1.Hs.symbols.gmt,data/raw/MSigDB/2026.1.Hs/msigdb_v2026.1.Hs_files_to_download_locally/msigdb_v2026.1.Hs_GMTs/c5.go.cc.v2026.1.Hs.symbols.gmt,778106,1ee846c446a87c1b6cc2b097dc415bed1c2f6b539312d2611f946038c5f7e9f8,,,,,,,,,,1.0,local_present_provenance_incomplete,data/raw/pathway/msigdb_v2026.1.Hs_files_to_download_locally/msigdb_v2026.1.Hs_GMTs/c5.go.cc.v2026.1.Hs.symbols.gmt, Release label from local header/filename or source directory; see evidence records.
MSigDB,MSigDB,2026.1.Hs,https://www.gsea-msigdb.org/gsea/msigdb/human/collections.jsp,,,,c5.go.mf.v2026.1.Hs.entrez.gmt,data/raw/MSigDB/2026.1.Hs/msigdb_v2026.1.Hs_files_to_download_locally/msigdb_v2026.1.Hs_GMTs/c5.go.mf.v2026.1.Hs.entrez.gmt,885282,424b4d07993caff42c1d214fdef997c2e31d37d897b56b709eb657785cfe179e,,,,,,,,,,1.0,local_present_provenance_incomplete,data/raw/pathway/msigdb_v2026.1.Hs_files_to_download_locally/msigdb_v2026.1.Hs_GMTs/c5.go.mf.v2026.1.Hs.entrez.gmt, Release label from local header/filename or source directory; see evidence records.
MSigDB,MSigDB,2026.1.Hs,https://www.gsea-msigdb.org/gsea/msigdb/human/collections.jsp,,,,c5.go.mf.v2026.1.Hs.symbols.gmt,data/raw/MSigDB/2026.1.Hs/msigdb_v2026.1.Hs_files_to_download_locally/msigdb_v2026.1.Hs_GMTs/c5.go.mf.v2026.1.Hs.symbols.gmt,957205,72da03f5438f1005566ecd5c85bf32e81f343910241948da603d2fafdf47f555,,,,,,,,,,1.0,local_present_provenance_incomplete,data/raw/pathway/msigdb_v2026.1.Hs_files_to_download_locally/msigdb_v2026.1.Hs_GMTs/c5.go.mf.v2026.1.Hs.symbols.gmt, Release label from local header/filename or source directory; see evidence records.
MSigDB,MSigDB,2026.1.Hs,https://www.gsea-msigdb.org/gsea/msigdb/human/collections.jsp,,,,c5.go.v2026.1.Hs.entrez.gmt,data/raw/MSigDB/2026.1.Hs/msigdb_v2026.1.Hs_files_to_download_locally/msigdb_v2026.1.Hs_GMTs/c5.go.v2026.1.Hs.entrez.gmt,6097317,5f59c98567830c545237a6f5d753333a8af77c90c31d79e4da2aa088e2159ef0,,,,,,,,,,1.0,local_present_provenance_incomplete,data/raw/pathway/msigdb_v2026.1.Hs_files_to_download_locally/msigdb_v2026.1.Hs_GMTs/c5.go.v2026.1.Hs.entrez.gmt, Release label from local header/filename or source directory; see evidence records.
MSigDB,MSigDB,2026.1.Hs,https://www.gsea-msigdb.org/gsea/msigdb/human/collections.jsp,,,,c5.go.v2026.1.Hs.symbols.gmt,data/raw/MSigDB/2026.1.Hs/msigdb_v2026.1.Hs_files_to_download_locally/msigdb_v2026.1.Hs_GMTs/c5.go.v2026.1.Hs.symbols.gmt,6607861,02d12dd0d5966bae788bdfaafd53edb601c7d8078678c0ad8489b9047d077e35,,,,,,,,,,1.0,local_present_provenance_incomplete,data/raw/pathway/msigdb_v2026.1.Hs_files_to_download_locally/msigdb_v2026.1.Hs_GMTs/c5.go.v2026.1.Hs.symbols.gmt, Release label from local header/filename or source directory; see evidence records.
MSigDB,MSigDB,2026.1.Hs,https://www.gsea-msigdb.org/gsea/msigdb/human/collections.jsp,,,,c5.hpo.v2026.1.Hs.entrez.gmt,data/raw/MSigDB/2026.1.Hs/msigdb_v2026.1.Hs_files_to_download_locally/msigdb_v2026.1.Hs_GMTs/c5.hpo.v2026.1.Hs.entrez.gmt,3569583,5d818013fa6cf15531983b6e019fdd11345fe97041e193097ca20a5f1f1b6ee4,,,,,,,,,,1.0,local_present_provenance_incomplete,data/raw/pathway/msigdb_v2026.1.Hs_files_to_download_locally/msigdb_v2026.1.Hs_GMTs/c5.hpo.v2026.1.Hs.entrez.gmt, Release label from local header/filename or source directory; see evidence records.
MSigDB,MSigDB,2026.1.Hs,https://www.gsea-msigdb.org/gsea/msigdb/human/collections.jsp,,,,c5.hpo.v2026.1.Hs.symbols.gmt,data/raw/MSigDB/2026.1.Hs/msigdb_v2026.1.Hs_files_to_download_locally/msigdb_v2026.1.Hs_GMTs/c5.hpo.v2026.1.Hs.symbols.gmt,3891055,658cb6c1ba5b3937f77149fa315e45a66c1ca86e0c232b9913628abc1cddac4d,,,,,,,,,,1.0,local_present_provenance_incomplete,data/raw/pathway/msigdb_v2026.1.Hs_files_to_download_locally/msigdb_v2026.1.Hs_GMTs/c5.hpo.v2026.1.Hs.symbols.gmt, Release label from local header/filename or source directory; see evidence records.
MSigDB,MSigDB,2026.1.Hs,https://www.gsea-msigdb.org/gsea/msigdb/human/collections.jsp,,,,c6.all.v2026.1.Hs.entrez.gmt,data/raw/MSigDB/2026.1.Hs/msigdb_v2026.1.Hs_files_to_download_locally/msigdb_v2026.1.Hs_GMTs/c6.all.v2026.1.Hs.entrez.gmt,183080,f1b12bc09e9aef90a8bd4f8e31abe6f14faee6eb72c6dfc6ba05f5e5ca734166,,,,,,,,,,1.0,local_present_provenance_incomplete,data/raw/pathway/msigdb_v2026.1.Hs_files_to_download_locally/msigdb_v2026.1.Hs_GMTs/c6.all.v2026.1.Hs.entrez.gmt, Release label from local header/filename or source directory; see evidence records.
MSigDB,MSigDB,2026.1.Hs,https://www.gsea-msigdb.org/gsea/msigdb/human/collections.jsp,,,,c6.all.v2026.1.Hs.symbols.gmt,data/raw/MSigDB/2026.1.Hs/msigdb_v2026.1.Hs_files_to_download_locally/msigdb_v2026.1.Hs_GMTs/c6.all.v2026.1.Hs.symbols.gmt,205653,d127b735a03a85fdf90c1ab91d49d3cab2c4c507454f769b85e2df5ce3bb3561,,,,,,,,,,1.0,local_present_provenance_incomplete,data/raw/pathway/msigdb_v2026.1.Hs_files_to_download_locally/msigdb_v2026.1.Hs_GMTs/c6.all.v2026.1.Hs.symbols.gmt, Release label from local header/filename or source directory; see evidence records.
MSigDB,MSigDB,2026.1.Hs,https://www.gsea-msigdb.org/gsea/msigdb/human/collections.jsp,,,,c7.all.v2026.1.Hs.entrez.gmt,data/raw/MSigDB/2026.1.Hs/msigdb_v2026.1.Hs_files_to_download_locally/msigdb_v2026.1.Hs_GMTs/c7.all.v2026.1.Hs.entrez.gmt,6361280,56733b6d57f8101ffb1025182be36ce37bf3ac6b7604414362850d8e3d39f95d,,,,,,,,,,1.0,local_present_provenance_incomplete,data/raw/pathway/msigdb_v2026.1.Hs_files_to_download_locally/msigdb_v2026.1.Hs_GMTs/c7.all.v2026.1.Hs.entrez.gmt, Release label from local header/filename or source directory; see evidence records.
MSigDB,MSigDB,2026.1.Hs,https://www.gsea-msigdb.org/gsea/msigdb/human/collections.jsp,,,,c7.all.v2026.1.Hs.symbols.gmt,data/raw/MSigDB/2026.1.Hs/msigdb_v2026.1.Hs_files_to_download_locally/msigdb_v2026.1.Hs_GMTs/c7.all.v2026.1.Hs.symbols.gmt,7013985,328247318897265b0446b503a41be3160a60c2b805e47fbfd12d1e55a6e1da6c,,,,,,,,,,1.0,local_present_provenance_incomplete,data/raw/pathway/msigdb_v2026.1.Hs_files_to_download_locally/msigdb_v2026.1.Hs_GMTs/c7.all.v2026.1.Hs.symbols.gmt, Release label from local header/filename or source directory; see evidence records.
MSigDB,MSigDB,2026.1.Hs,https://www.gsea-msigdb.org/gsea/msigdb/human/collections.jsp,,,,c7.immunesigdb.v2026.1.Hs.entrez.gmt,data/raw/MSigDB/2026.1.Hs/msigdb_v2026.1.Hs_files_to_download_locally/msigdb_v2026.1.Hs_GMTs/c7.immunesigdb.v2026.1.Hs.entrez.gmt,6041117,a6c7addc8ab636fe95e7bbc9e402338b3a13ddcf4a6430eb27b388e0270e05eb,,,,,,,,,,1.0,local_present_provenance_incomplete,data/raw/pathway/msigdb_v2026.1.Hs_files_to_download_locally/msigdb_v2026.1.Hs_GMTs/c7.immunesigdb.v2026.1.Hs.entrez.gmt, Release label from local header/filename or source directory; see evidence records.
MSigDB,MSigDB,2026.1.Hs,https://www.gsea-msigdb.org/gsea/msigdb/human/collections.jsp,,,,c7.immunesigdb.v2026.1.Hs.symbols.gmt,data/raw/MSigDB/2026.1.Hs/msigdb_v2026.1.Hs_files_to_download_locally/msigdb_v2026.1.Hs_GMTs/c7.immunesigdb.v2026.1.Hs.symbols.gmt,6663803,facfeff5feca6bcef83abf7bde88043096c441b718e74c862b6248404cf97f5d,,,,,,,,,,1.0,local_present_provenance_incomplete,data/raw/pathway/msigdb_v2026.1.Hs_files_to_download_locally/msigdb_v2026.1.Hs_GMTs/c7.immunesigdb.v2026.1.Hs.symbols.gmt, Release label from local header/filename or source directory; see evidence records.
MSigDB,MSigDB,2026.1.Hs,https://www.gsea-msigdb.org/gsea/msigdb/human/collections.jsp,,,,c7.vax.v2026.1.Hs.entrez.gmt,data/raw/MSigDB/2026.1.Hs/msigdb_v2026.1.Hs_files_to_download_locally/msigdb_v2026.1.Hs_GMTs/c7.vax.v2026.1.Hs.entrez.gmt,320163,0b336a6eb6cf37507527505c9501ca95d8a584c3bd8a726ee84e6c6561a7cc4f,,,,,,,,,,1.0,local_present_provenance_incomplete,data/raw/pathway/msigdb_v2026.1.Hs_files_to_download_locally/msigdb_v2026.1.Hs_GMTs/c7.vax.v2026.1.Hs.entrez.gmt, Release label from local header/filename or source directory; see evidence records.
MSigDB,MSigDB,2026.1.Hs,https://www.gsea-msigdb.org/gsea/msigdb/human/collections.jsp,,,,c7.vax.v2026.1.Hs.symbols.gmt,data/raw/MSigDB/2026.1.Hs/msigdb_v2026.1.Hs_files_to_download_locally/msigdb_v2026.1.Hs_GMTs/c7.vax.v2026.1.Hs.symbols.gmt,350182,1682a751989d9ca65dac747ae5b53d70dc3c22093594f8fa9ddf9754e7773b60,,,,,,,,,,1.0,local_present_provenance_incomplete,data/raw/pathway/msigdb_v2026.1.Hs_files_to_download_locally/msigdb_v2026.1.Hs_GMTs/c7.vax.v2026.1.Hs.symbols.gmt, Release label from local header/filename or source directory; see evidence records.
MSigDB,MSigDB,2026.1.Hs,https://www.gsea-msigdb.org/gsea/msigdb/human/collections.jsp,,,,c8.all.v2026.1.Hs.entrez.gmt,data/raw/MSigDB/2026.1.Hs/msigdb_v2026.1.Hs_files_to_download_locally/msigdb_v2026.1.Hs_GMTs/c8.all.v2026.1.Hs.entrez.gmt,1023345,7b472668dd39e322c9acb9569900a687f765673a1150dd2ed5b2e8e63604fd1b,,,,,,,,,,1.0,local_present_provenance_incomplete,data/raw/pathway/msigdb_v2026.1.Hs_files_to_download_locally/msigdb_v2026.1.Hs_GMTs/c8.all.v2026.1.Hs.entrez.gmt, Release label from local header/filename or source directory; see evidence records.
MSigDB,MSigDB,2026.1.Hs,https://www.gsea-msigdb.org/gsea/msigdb/human/collections.jsp,,,,c8.all.v2026.1.Hs.symbols.gmt,data/raw/MSigDB/2026.1.Hs/msigdb_v2026.1.Hs_files_to_download_locally/msigdb_v2026.1.Hs_GMTs/c8.all.v2026.1.Hs.symbols.gmt,1127394,715a1af9f0d36e1dfd631e9daa204157e741e2a07dce90abb18f2f0aa98f8d04,,,,,,,,,,1.0,local_present_provenance_incomplete,data/raw/pathway/msigdb_v2026.1.Hs_files_to_download_locally/msigdb_v2026.1.Hs_GMTs/c8.all.v2026.1.Hs.symbols.gmt, Release label from local header/filename or source directory; see evidence records.
MSigDB,MSigDB,2026.1.Hs,https://www.gsea-msigdb.org/gsea/msigdb/human/collections.jsp,,,,c9.all.v2026.1.Hs.entrez.gmt,data/raw/MSigDB/2026.1.Hs/msigdb_v2026.1.Hs_files_to_download_locally/msigdb_v2026.1.Hs_GMTs/c9.all.v2026.1.Hs.entrez.gmt,39430,5303197a0432e01b82a8032ef2f6afc5f9ad3147a426c8a90d9dd67160d89892,,,,,,,,,,1.0,local_present_provenance_incomplete,data/raw/pathway/msigdb_v2026.1.Hs_files_to_download_locally/msigdb_v2026.1.Hs_GMTs/c9.all.v2026.1.Hs.entrez.gmt, Release label from local header/filename or source directory; see evidence records.
MSigDB,MSigDB,2026.1.Hs,https://www.gsea-msigdb.org/gsea/msigdb/human/collections.jsp,,,,c9.all.v2026.1.Hs.symbols.gmt,data/raw/MSigDB/2026.1.Hs/msigdb_v2026.1.Hs_files_to_download_locally/msigdb_v2026.1.Hs_GMTs/c9.all.v2026.1.Hs.symbols.gmt,42745,cc0515b8d5bb6509ccdab629923c63d455e8b1ed5d19d4e625992a9d427a62f6,,,,,,,,,,1.0,local_present_provenance_incomplete,data/raw/pathway/msigdb_v2026.1.Hs_files_to_download_locally/msigdb_v2026.1.Hs_GMTs/c9.all.v2026.1.Hs.symbols.gmt, Release label from local header/filename or source directory; see evidence records.
MSigDB,MSigDB,2026.1.Hs,https://www.gsea-msigdb.org/gsea/msigdb/human/collections.jsp,,,,h.all.v2026.1.Hs.entrez.gmt,data/raw/MSigDB/2026.1.Hs/msigdb_v2026.1.Hs_files_to_download_locally/msigdb_v2026.1.Hs_GMTs/h.all.v2026.1.Hs.entrez.gmt,43213,7b3c4de012b2a3aa8f90e5452c21fc8c116a31c30dd98ec00253816152ac9072,,,,,,,,,,1.0,local_present_provenance_incomplete,data/raw/pathway/msigdb_v2026.1.Hs_files_to_download_locally/msigdb_v2026.1.Hs_GMTs/h.all.v2026.1.Hs.entrez.gmt, Release label from local header/filename or source directory; see evidence records.
MSigDB,MSigDB,2026.1.Hs,https://www.gsea-msigdb.org/gsea/msigdb/human/collections.jsp,,,,h.all.v2026.1.Hs.symbols.gmt,data/raw/MSigDB/2026.1.Hs/msigdb_v2026.1.Hs_files_to_download_locally/msigdb_v2026.1.Hs_GMTs/h.all.v2026.1.Hs.symbols.gmt,48686,eecaf6dad908334ae885406ec72bdc0646d8917588ed7c219fac92fc5363f596,,,,,,,,,,1.0,local_present_provenance_incomplete,data/raw/pathway/msigdb_v2026.1.Hs_files_to_download_locally/msigdb_v2026.1.Hs_GMTs/h.all.v2026.1.Hs.symbols.gmt, Release label from local header/filename or source directory; see evidence records.
MSigDB,MSigDB,2026.1.Hs,https://www.gsea-msigdb.org/gsea/msigdb/human/collections.jsp,,,,msigdb.v2026.1.Hs.entrez.gmt,data/raw/MSigDB/2026.1.Hs/msigdb_v2026.1.Hs_files_to_download_locally/msigdb_v2026.1.Hs_GMTs/msigdb.v2026.1.Hs.entrez.gmt,27612839,0d5426d7a753691ecbdf17f1a9a5b13c95e56e02d66eec6ae2a34ceec5543fad,,,,,,,,,,1.0,local_present_provenance_incomplete,data/raw/pathway/msigdb_v2026.1.Hs_files_to_download_locally/msigdb_v2026.1.Hs_GMTs/msigdb.v2026.1.Hs.entrez.gmt, Release label from local header/filename or source directory; see evidence records.
MSigDB,MSigDB,2026.1.Hs,https://www.gsea-msigdb.org/gsea/msigdb/human/collections.jsp,,,,msigdb.v2026.1.Hs.symbols.gmt,data/raw/MSigDB/2026.1.Hs/msigdb_v2026.1.Hs_files_to_download_locally/msigdb_v2026.1.Hs_GMTs/msigdb.v2026.1.Hs.symbols.gmt,30255149,fa938f38c8f41bafa31e9c479c997a4cdaf69621e89446f149a1d9442a80dead,,,,,,,,,,1.0,local_present_provenance_incomplete,data/raw/pathway/msigdb_v2026.1.Hs_files_to_download_locally/msigdb_v2026.1.Hs_GMTs/msigdb.v2026.1.Hs.symbols.gmt, Release label from local header/filename or source directory; see evidence records.
PRISM,PRISM,secondary_published,https://depmap.org/repurposing/,https://ndownloader.figshare.com/files/20237769,2026-09-23T02:00:09.213048+00:00,2026-09-23T02:00:10.904058+00:00,secondary-screen-cell-line-info.csv,data/raw/PRISM/secondary_published/secondary-screen-cell-line-info.csv,40979,b93436b5f4bcf5fd14589697be4ca8f99ffd99d639223080380bc514c3718d27,,,,,,,,,,1.0,downloaded_verified_container,,Downloaded from recorded endpoint; response headers and container validation recorded.
PRISM,PRISM,secondary_published,https://depmap.org/repurposing/,https://ndownloader.figshare.com/files/20238123,2026-09-23T02:00:08.737617+00:00,2026-09-23T02:00:10.112451+00:00,secondary-screen-readme.txt,data/raw/PRISM/secondary_published/secondary-screen-readme.txt,7647,ed453e2bbaecff26cf923d8a69290f2c18fd7488d5a7d6903821980e6d49c99d,,,,,,,,,,1.0,downloaded_verified_container,,Downloaded from recorded endpoint; response headers and container validation recorded.
PRISM,PRISM,secondary_published,https://depmap.org/repurposing/,https://ndownloader.figshare.com/files/20237763,2026-09-23T02:00:09.777667+00:00,2026-09-23T02:00:12.698101+00:00,secondary-screen-replicate-collapsed-treatment-info.csv,data/raw/PRISM/secondary_published/secondary-screen-replicate-collapsed-treatment-info.csv,3788355,9d0d1fb4faa87a63cd84965ec5e2b55a9df5680520a41b029abb679cfd4384f7,,,,,,,,,,1.0,downloaded_verified_container,,Downloaded from recorded endpoint; response headers and container validation recorded.
PubChem,PubChem,snapshot_20260923,,"https://pubchem.ncbi.nlm.nih.gov/rest/pug/compound/inchikey/BBTMGPQSLSYPHE-ZHZULCJRSA-N/property/IsomericSMILES,InChIKey,InChI/JSON",2026-09-23T02:01:36.676670+00:00,2026-09-23T02:01:39.016364+00:00,BBTMGPQSLSYPHE-ZHZULCJRSA-N.json,data/raw/PubChem/snapshot_20260923/BBTMGPQSLSYPHE-ZHZULCJRSA-N.json,385,ad9e8984a19b1dd5ec82b7e38d48ea2084e9f5ee28581e9d18d9027cf8b74a3c,,,,,,,,,,1.0,downloaded_verified_container,,Downloaded from recorded endpoint; response headers and container validation recorded.
PubChem,PubChem,snapshot_20260923,,"https://pubchem.ncbi.nlm.nih.gov/rest/pug/compound/inchikey/CDNMDRUIGNHEMR-VKAVYKQESA-N/property/IsomericSMILES,InChIKey,InChI/JSON",2026-09-23T02:01:39.420097+00:00,2026-09-23T02:01:40.655927+00:00,CDNMDRUIGNHEMR-VKAVYKQESA-N.json,data/raw/PubChem/snapshot_20260923/CDNMDRUIGNHEMR-VKAVYKQESA-N.json,420,f9e109fae5b7013230855c31e824e76d8b505a7c543241ccff6fa3f8eed88126,,,,,,,,,,1.0,downloaded_verified_container,,Downloaded from recorded endpoint; response headers and container validation recorded.
PubChem,PubChem,snapshot_20260923,,"https://pubchem.ncbi.nlm.nih.gov/rest/pug/compound/inchikey/CVCLJVVBHYOXDC-IAZSKANUSA-N/property/IsomericSMILES,InChIKey,InChI/JSON",2026-09-23T02:01:41.060879+00:00,2026-09-23T02:01:44.922962+00:00,CVCLJVVBHYOXDC-IAZSKANUSA-N.json,data/raw/PubChem/snapshot_20260923/CVCLJVVBHYOXDC-IAZSKANUSA-N.json,375,901e70b187ee91c397a139fbabed992abfb03d121b6b84d6a9ff5c3e71be7214,,,,,,,,,,1.0,downloaded_verified_container,,Downloaded from recorded endpoint; response headers and container validation recorded.
PubChem,PubChem,snapshot_20260923,,"https://pubchem.ncbi.nlm.nih.gov/rest/pug/compound/inchikey/DGPLYAXBXJXEID-UHFFFAOYSA-N/property/IsomericSMILES,InChIKey,InChI/JSON",2026-09-23T02:01:45.326374+00:00,2026-09-23T02:01:45.979037+00:00,DGPLYAXBXJXEID-UHFFFAOYSA-N.json,data/raw/PubChem/snapshot_20260923/DGPLYAXBXJXEID-UHFFFAOYSA-N.json,389,03af90e629018b51ba8e9be2a413e14bb82e61aa856a0dcc782b60ddd25189c2,,,,,,,,,,1.0,downloaded_verified_container,,Downloaded from recorded endpoint; response headers and container validation recorded.
PubChem,PubChem,snapshot_20260923,,"https://pubchem.ncbi.nlm.nih.gov/rest/pug/compound/inchikey/DPCXEUSDRQOOGZ-QLYXXIJNSA-N/property/IsomericSMILES,InChIKey,InChI/JSON",2026-09-23T02:01:46.382540+00:00,2026-09-23T02:01:46.995555+00:00,DPCXEUSDRQOOGZ-QLYXXIJNSA-N.json,data/raw/PubChem/snapshot_20260923/DPCXEUSDRQOOGZ-QLYXXIJNSA-N.json,447,8c384c8c7e0a85326c4698fce8e9d02383a943e8ba9b93db7411b47d9773b302,,,,,,,,,,1.0,downloaded_verified_container,,Downloaded from recorded endpoint; response headers and container validation recorded.
PubChem,PubChem,snapshot_20260923,,"https://pubchem.ncbi.nlm.nih.gov/rest/pug/compound/inchikey/FCCGJTKEKXUBFZ-UHFFFAOYSA-N/property/IsomericSMILES,InChIKey,InChI/JSON",2026-09-23T02:01:47.398742+00:00,2026-09-23T02:01:48.576130+00:00,FCCGJTKEKXUBFZ-UHFFFAOYSA-N.json,data/raw/PubChem/snapshot_20260923/FCCGJTKEKXUBFZ-UHFFFAOYSA-N.json,410,7766d7af74d08a052fe43d9a71fbe90107ad149fc8d07c31d17a4088dd22e256,,,,,,,,,,1.0,downloaded_verified_container,,Downloaded from recorded endpoint; response headers and container validation recorded.
PubChem,PubChem,snapshot_20260923,,"https://pubchem.ncbi.nlm.nih.gov/rest/pug/compound/inchikey/GMIZZEXBPRLVIV-UHFFFAOYSA-N/property/IsomericSMILES,InChIKey,InChI/JSON",2026-09-23T02:01:48.979593+00:00,2026-09-23T02:01:50.589017+00:00,GMIZZEXBPRLVIV-UHFFFAOYSA-N.json,data/raw/PubChem/snapshot_20260923/GMIZZEXBPRLVIV-UHFFFAOYSA-N.json,348,623cd978c94789e9e15d753f6e699fa9cdf561864915627b94337e59af3ea338,,,,,,,,,,1.0,downloaded_verified_container,,Downloaded from recorded endpoint; response headers and container validation recorded.
PubChem,PubChem,snapshot_20260923,,"https://pubchem.ncbi.nlm.nih.gov/rest/pug/compound/inchikey/HWUHTJIKQZZBRA-UHFFFAOYSA-N/property/IsomericSMILES,InChIKey,InChI/JSON",2026-09-23T02:01:50.991922+00:00,2026-09-23T02:01:51.473268+00:00,HWUHTJIKQZZBRA-UHFFFAOYSA-N.json,data/raw/PubChem/snapshot_20260923/HWUHTJIKQZZBRA-UHFFFAOYSA-N.json,433,6473ca8ed02edf0f9ea1612282906fbfdb024a649be5eacc3e8ccd6c465b5b89,,,,,,,,,,1.0,downloaded_verified_container,,Downloaded from recorded endpoint; response headers and container validation recorded.
PubChem,PubChem,snapshot_20260923,,"https://pubchem.ncbi.nlm.nih.gov/rest/pug/compound/inchikey/IUEWAGVJRJORLA-HZPDHXFCSA-N/property/IsomericSMILES,InChIKey,InChI/JSON",2026-09-23T02:01:51.876825+00:00,2026-09-23T02:01:52.783579+00:00,IUEWAGVJRJORLA-HZPDHXFCSA-N.json,data/raw/PubChem/snapshot_20260923/IUEWAGVJRJORLA-HZPDHXFCSA-N.json,408,8fb917395a3be95aa27aaa3ee787ed4fa0fc2f5380764a9c10b47d674d9b2df4,,,,,,,,,,1.0,downloaded_verified_container,,Downloaded from recorded endpoint; response headers and container validation recorded.
PubChem,PubChem,snapshot_20260923,,"https://pubchem.ncbi.nlm.nih.gov/rest/pug/compound/inchikey/JFIFBWVNHLXJFY-UHFFFAOYSA-N/property/IsomericSMILES,InChIKey,InChI/JSON",2026-09-23T02:01:53.187409+00:00,2026-09-23T02:01:56.421745+00:00,JFIFBWVNHLXJFY-UHFFFAOYSA-N.json,data/raw/PubChem/snapshot_20260923/JFIFBWVNHLXJFY-UHFFFAOYSA-N.json,346,c4c00fb59bad6ae7fd8fea1c3afa3dcbf1ec0a87e0e32680a4d0bcca1dbb82fa,,,,,,,,,,1.0,downloaded_verified_container,,Downloaded from recorded endpoint; response headers and container validation recorded.
PubChem,PubChem,snapshot_20260923,,"https://pubchem.ncbi.nlm.nih.gov/rest/pug/compound/inchikey/JXLYSJRDGCGARV-CUGARIAGSA-N/property/IsomericSMILES,InChIKey,InChI/JSON",2026-09-23T02:01:56.824883+00:00,2026-09-23T02:01:57.351935+00:00,JXLYSJRDGCGARV-CUGARIAGSA-N.json,data/raw/PubChem/snapshot_20260923/JXLYSJRDGCGARV-CUGARIAGSA-N.json,658,58d0842471c6b1d3c8dd07cab84a49a9e6385fc0a6b6eb02fa06dbcf3d2095b6,,,,,,,,,,1.0,downloaded_verified_container,,Downloaded from recorded endpoint; response headers and container validation recorded.
PubChem,PubChem,snapshot_20260923,,"https://pubchem.ncbi.nlm.nih.gov/rest/pug/compound/inchikey/NXNQLECPAXXYTR-LCYFTJDESA-N/property/IsomericSMILES,InChIKey,InChI/JSON",2026-09-23T02:01:16.678190+00:00,2026-09-23T02:01:18.193985+00:00,NXNQLECPAXXYTR-LCYFTJDESA-N.json,data/raw/PubChem/snapshot_20260923/NXNQLECPAXXYTR-LCYFTJDESA-N.json,347,a3725c8805774db0e82cfcd769c68bf1857862044c2a048d7a80c1743a872c66,,,,,,,,,,1.0,downloaded_verified_container,,Downloaded from recorded endpoint; response headers and container validation recorded.
PubChem,PubChem,snapshot_20260923,,"https://pubchem.ncbi.nlm.nih.gov/rest/pug/compound/inchikey/OGAPHRMCCQCJOE-BNTLRKBRSA-N/property/IsomericSMILES,InChIKey,InChI/JSON",2026-09-23T02:01:58.156627+00:00,2026-09-23T02:02:00.081083+00:00,OGAPHRMCCQCJOE-BNTLRKBRSA-N.json,data/raw/PubChem/snapshot_20260923/OGAPHRMCCQCJOE-BNTLRKBRSA-N.json,909,9669d8cbcdae7e9e680d791d19b8e6ed604db30ed6c271059b36c57da16a45bc,,,,,,,,,,1.0,downloaded_verified_container,,Downloaded from recorded endpoint; response headers and container validation recorded.
PubChem,PubChem,snapshot_20260923,,"https://pubchem.ncbi.nlm.nih.gov/rest/pug/compound/inchikey/OHUHVTCQTUDPIJ-JYCIKRDWSA-N/property/IsomericSMILES,InChIKey,InChI/JSON",2026-09-23T02:02:00.484087+00:00,2026-09-23T02:02:01.040070+00:00,OHUHVTCQTUDPIJ-JYCIKRDWSA-N.json,data/raw/PubChem/snapshot_20260923/OHUHVTCQTUDPIJ-JYCIKRDWSA-N.json,433,7de56c7826a325f0f4a044889ab09d8b591e2916a9947c67af0d1519dbaf422e,,,,,,,,,,1.0,downloaded_verified_container,,Downloaded from recorded endpoint; response headers and container validation recorded.
PubChem,PubChem,snapshot_20260923,,"https://pubchem.ncbi.nlm.nih.gov/rest/pug/compound/inchikey/OYVAGSVQBOHSSS-UAPAGMARSA-O/property/IsomericSMILES,InChIKey,InChI/JSON",2026-09-23T02:02:01.443504+00:00,2026-09-23T02:02:02.699609+00:00,OYVAGSVQBOHSSS-UAPAGMARSA-O.json,data/raw/PubChem/snapshot_20260923/OYVAGSVQBOHSSS-UAPAGMARSA-O.json,1010,5ce2c28e1edcba8efed7ef314abafd756c1b3dbed6bd08b9b2952f01e4e42d1e,,,,,,,,,,1.0,downloaded_verified_container,,Downloaded from recorded endpoint; response headers and container validation recorded.
PubChem,PubChem,snapshot_20260923,,"https://pubchem.ncbi.nlm.nih.gov/rest/pug/compound/inchikey/SWDZPNJZKUGIIH-QQTULTPQSA-N/property/IsomericSMILES,InChIKey,InChI/JSON",2026-09-23T02:02:03.102812+00:00,2026-09-23T02:02:03.633393+00:00,SWDZPNJZKUGIIH-QQTULTPQSA-N.json,data/raw/PubChem/snapshot_20260923/SWDZPNJZKUGIIH-QQTULTPQSA-N.json,441,8aae4829f35396a66f3309fa575c3607ee55e0fda887880899cd8ec1636dd588,,,,,,,,,,1.0,downloaded_verified_container,,Downloaded from recorded endpoint; response headers and container validation recorded.
PubChem,PubChem,snapshot_20260923,,"https://pubchem.ncbi.nlm.nih.gov/rest/pug/compound/inchikey/UGQMURPIMYALPH-PZJQAWQVSA-N/property/IsomericSMILES,InChIKey,InChI/JSON",2026-09-23T02:02:04.036764+00:00,2026-09-23T02:02:04.586167+00:00,UGQMURPIMYALPH-PZJQAWQVSA-N.json,data/raw/PubChem/snapshot_20260923/UGQMURPIMYALPH-PZJQAWQVSA-N.json,450,77872c635dc014d96ce11bc3fcc68378a1dce14f7eec5a076c4c528cc75707d8,,,,,,,,,,1.0,downloaded_verified_container,,Downloaded from recorded endpoint; response headers and container validation recorded.
PubChem,PubChem,snapshot_20260923,,,,,unmatched_1584_4-bromo-N-(6-methoxy.json,data/raw/PubChem/snapshot_20260923/unmatched_1584_4-bromo-N-(6-methoxy.json,419,7e1a4715c8ca4cc7b6f2ccc0cedd3c91c40fafd8a109ebb9370853aae8a164fc,,,,,,,,,,1.0,local_present_provenance_incomplete,, Release label from local header/filename or source directory; see evidence records.
PubChem,PubChem,snapshot_20260923,,,,,unmatched_1776_GSK2256098.json,data/raw/PubChem/snapshot_20260923/unmatched_1776_GSK2256098.json,281,c37eae7a53e626de2b79b3af8d00391088a72b556f7df4e93dbc408944559d82,,,,,,,,,,1.0,local_present_provenance_incomplete,, Release label from local header/filename or source directory; see evidence records.
PubChem,PubChem,snapshot_20260923,,,,,unmatched_1779_GSK626616.json,data/raw/PubChem/snapshot_20260923/unmatched_1779_GSK626616.json,286,503d70d38ca63884df4d245f4a35ef0af3f5e1680434f3c47aa07da2ae8b21e1,,,,,,,,,,1.0,local_present_provenance_incomplete,, Release label from local header/filename or source directory; see evidence records.
PubChem,PubChem,snapshot_20260923,,,,,unmatched_1782_GSK2830371.json,data/raw/PubChem/snapshot_20260923/unmatched_1782_GSK2830371.json,289,ccc06a1fef7e098fab60418abb77050ea834d6e0848e75954f1f611c00db8e10,,,,,,,,,,1.0,local_present_provenance_incomplete,, Release label from local header/filename or source directory; see evidence records.
PubChem,PubChem,snapshot_20260923,,"https://pubchem.ncbi.nlm.nih.gov/rest/pug/compound/inchikey/UXHKLJMFCANPNV-NZEVRPOUSA-N/property/IsomericSMILES,InChIKey,InChI/JSON",2026-09-23T02:02:04.989403+00:00,2026-09-23T02:02:06.030348+00:00,UXHKLJMFCANPNV-NZEVRPOUSA-N.json,data/raw/PubChem/snapshot_20260923/UXHKLJMFCANPNV-NZEVRPOUSA-N.json,371,225203b9c4b10042cc73c4b9f6410381e441218d5d40150aa925d99667a9ed05,,,,,,,,,,1.0,downloaded_verified_container,,Downloaded from recorded endpoint; response headers and container validation recorded.
PubChem,PubChem,snapshot_20260923,,"https://pubchem.ncbi.nlm.nih.gov/rest/pug/compound/inchikey/XNRUSHCDWNKUDO-UHFFFAOYSA-N/property/IsomericSMILES,InChIKey,InChI/JSON",2026-09-23T02:02:06.433686+00:00,2026-09-23T02:02:07.416066+00:00,XNRUSHCDWNKUDO-UHFFFAOYSA-N.json,data/raw/PubChem/snapshot_20260923/XNRUSHCDWNKUDO-UHFFFAOYSA-N.json,283,82de6d3457b7f1abde578a24d55f30b21fe4854bc0eab393b0d9dd9d60f44d58,,,,,,,,,,1.0,downloaded_verified_container,,Downloaded from recorded endpoint; response headers and container validation recorded.
PubChem,PubChem,snapshot_20260923,,"https://pubchem.ncbi.nlm.nih.gov/rest/pug/compound/inchikey/XOLMRFUGOINFDQ-MHWRWJLKSA-N/property/IsomericSMILES,InChIKey,InChI/JSON",2026-09-23T02:02:07.820346+00:00,2026-09-23T02:02:09.372646+00:00,XOLMRFUGOINFDQ-MHWRWJLKSA-N.json,data/raw/PubChem/snapshot_20260923/XOLMRFUGOINFDQ-MHWRWJLKSA-N.json,691,2fd27106e987d95ec8f695de159b4ed358e020b17fb0fbafa7714e84622a623b,,,,,,,,,,1.0,downloaded_verified_container,,Downloaded from recorded endpoint; response headers and container validation recorded.
STRING,STRING,12.0,https://version-12-0.string-db.org/cgi/download?species_text=Homo+sapiens,,,,9606.protein.aliases.v12.0.txt,data/raw/STRING/12.0/9606.protein.aliases.v12.0.txt,199702624,510631e358af51784446f19eb482d112d29bc1e233d920b03125155ab765d2de,,,,,,,,,,1.0,local_present_provenance_incomplete,data/raw/protein_protein_interaction/9606.protein.aliases.v12.0.txt, Release label from local header/filename or source directory; see evidence records.
STRING,STRING,12.0,https://version-12-0.string-db.org/cgi/download?species_text=Homo+sapiens,https://stringdb-downloads.org/download/protein.links.detailed.v12.0/9606.protein.links.detailed.v12.0.txt.gz,2026-09-23T01:48:32.448207+00:00,2026-09-23T01:48:47.028664+00:00,9606.protein.links.detailed.v12.0.txt.gz,data/raw/STRING/12.0/9606.protein.links.detailed.v12.0.txt.gz,139634808,28a2ea3b22c964e691c0f2f934c5e3e397a4b0a12c833d8787fa02b7847b91b6,,,,,,,,,,1.0,downloaded_verified_container,,Downloaded from recorded endpoint; response headers and container validation recorded.
STRING,STRING,12.0,https://version-12-0.string-db.org/cgi/download?species_text=Homo+sapiens,,,,9606.protein.links.v12.0.txt,data/raw/STRING/12.0/9606.protein.links.v12.0.txt,630908617,b83b0304f72455c82a05294713e4e2c6ad38338281b07f433da14d69943c6483,,,,,,,,,,1.0,local_present_provenance_incomplete,data/raw/protein_protein_interaction/9606.protein.links.v12.0.txt, Release label from local header/filename or source directory; see evidence records.
UniProt,UniProt,,,,,,uniprot_sprot.dat,data/raw/UniProt/unverified/uniprot_sprot.dat,4211306207,da173fc18779bb5009f3b35a7dd20eb04f84d04218a08b508cdd28b7a6cfcbbf,,,,,,,,,,1.0,local_present_provenance_incomplete,data/raw/protein_sequence/uniprot_sprot.dat,Source release unknown; directory deliberately marked unverified.
local_derivative,local_derivative,,,,,,cell_mapping_conflicts.csv,data/canonical/cell_mapping_conflicts.csv,1289,4bcec576c069c0ea1a6793b33e1b62627bb4026e0891186d206352c362e7876c,,,,,,,,,,1.0,derived_candidate_not_training_approved,, Release label from local header/filename or source directory; see evidence records.
local_derivative,local_derivative,,,,,,compound_conflict_structure_evidence.csv,data/canonical/compound_conflict_structure_evidence.csv,5642,42db7871540ef9a4e458653b5ad1a27dfec89dc02cf11daa57c33e123c3c5512,,,,,,,,,,1.0,derived_candidate_not_training_approved,, Release label from local header/filename or source directory; see evidence records.
local_derivative,local_derivative,,,,,,compound_master_raw.csv,data/canonical/compound_master_raw.csv,112335,c9e7170d6065b5754615d4609e7b563ff4837cf8091d5a006f14f363f61ed439,,,,,,,,,,1.0,derived_candidate_not_training_approved,, Release label from local header/filename or source directory; see evidence records.
local_derivative,local_derivative,,,,,,compound_official_key_audit.csv,data/canonical/compound_official_key_audit.csv,26086,6ca67b2f319be9dde5ae482bd8b774518f1b67a812c8102403e2dffb49e0f6a7,,,,,,,,,,1.0,derived_candidate_not_training_approved,, Release label from local header/filename or source directory; see evidence records.
local_derivative,local_derivative,,,,,,compound_structure_adjudication.csv,data/canonical/compound_structure_adjudication.csv,53506,6410fae5557eb4586ec3b4dce3dcff6bbcb6191d29cb90bab09a005a15912372,,,,,,,,,,1.0,derived_candidate_not_training_approved,, Release label from local header/filename or source directory; see evidence records.
local_derivative,local_derivative,,,,,,compound_unmatched.csv,data/canonical/compound_unmatched.csv,3130,9940b10111831e22768cc0fc05af4e8655d584878e590d2fc39d8cafe068d104,,,,,,,,,,1.0,derived_candidate_not_training_approved,, Release label from local header/filename or source directory; see evidence records.
local_derivative,local_derivative,,,,,,GDSC2_fitted_dose_response_27Oct23.csv,data/canonical/GDSC/release8.5/GDSC2_fitted_dose_response_27Oct23.csv,36352214,a4e757f80315c1a188bb15de313fd0696c9753ee966f1f9e62eaf98d2c09fe39,,,,,,,,,,1.0,derived_candidate_not_training_approved,data/raw/drug_sensitivity/GDSC2_fitted_dose_response_27Oct23.csv, Release label from local header/filename or source directory; see evidence records.
local_derivative,local_derivative,,,,,,pubchem_fetch_report.json,data/canonical/pubchem_fetch_report.json,318,05342bbe70f0df3706694b68affc0433e447cd518e14c51b034e7c0a70a2d128,,,,,,,,,,1.0,derived_candidate_not_training_approved,, Release label from local header/filename or source directory; see evidence records.
GDSC1_external,GDSC1,8.5,https://cellmodelpassports.sanger.ac.uk/downloads,https://cog.sanger.ac.uk/cancerrxgene/GDSC_release8.5/GDSC1_fitted_dose_response_27Oct23.xlsx,2026-09-23T01:49:06.083247+00:00,2026-09-23T01:49:10.797558+00:00,GDSC1_fitted_dose_response_27Oct23.xlsx,data/holdout/external/GDSC1/release8.5/GDSC1_fitted_dose_response_27Oct23.xlsx,29353210,837b0686500fde75179e490de08f034abd9f882d8b0253d637bafe83e156dafd,,,,,,,,,,1.0,downloaded_verified_container,,Downloaded from recorded endpoint; response headers and container validation recorded.
PRISM,PRISM,secondary_published,https://depmap.org/repurposing/,https://ndownloader.figshare.com/files/20237739,2026-09-23T02:00:10.228020+00:00,2026-09-23T02:00:38.472267+00:00,secondary-screen-dose-response-curve-parameters.csv,data/holdout/external/PRISM/secondary_published/secondary-screen-dose-response-curve-parameters.csv,264340589,88d1013506e0cd6f191a51c5f3fdd3fb2be54f8afb4e19a5d1f8538e81fbfec8,,,,,,,,,,1.0,downloaded_verified_container,,Downloaded from recorded endpoint; response headers and container validation recorded.
